sit	octal	total	clade	geography
585	000000000000031	5	BEIJING-LIKE	BRA(2) FXX(2) USA(1)
250	000000000000371	12	BEIJING-LIKE	AUS(1) FXX(1) IDN(2) MYS(1) USA(5) VNM(2)
539	000000000000600	19	MICROTI	FXX(4) GBR(6) NLD(6) USA (3)
406	000000000000731	10	BEIJING-LIKE	IND(1) ITA(1) USA (8)
269	000000000000771	38	BEIJING-LIKE	DEU(2) FXX(1) GEO(1) HTI(2) IDN(1) JPN(1) MEX(1) RUS(8) SAU(1) USA(19) VNM(1)
796	000000000001771	7	BEIJING-LIKE	BGD(2) GEO(3) USA (1) VNM(1)
1162	000000000002171	5	BEIJING	MYS(1) USA (4)
621	000000000002771	6	BEIJING	ARM(2) IND(1) USA(1) VNM(2)
540	000000000003031	3	BEIJING	USA (3)
260	000000000003171	6	BEIJING	RUS(2) USA (4)
265	000000000003371	26	BEIJING	AZE(1) ISR(5) MYS(1) NLD(2) RUS(7) THA(2) USA (7) VNM(1)
940	000000000003401	4	BEIJING	ITA(1) THA(2) VNM(1)
1364	000000000003471	4	BEIJING	IDN(1) KOR(1) MYS(2)
632	000000000003571	3	BEIJING	GEO(1) THA(2)
1168	000000000003631	2	BEIJING	USA (2)
1651	000000000003661	2	BEIJING	IDN(1) IND(1)
255	000000000003671	19	BEIJING	BEL(1) FXX(1) ITA(2) MDG(1) MYS(3) REU(1) THA(3) USA(6) VNM(1)
1311	000000000003700	4	U	AUS(1) IND(2) USA(1)
541	000000000003711	6	BEIJING	IND(1) USA (5)
190	000000000003731	48	BEIJING	CUB(1) GEO(2) IDN(1) LVA(1) MYS(2) NLD(1) RUS(3) THA(5) USA (30) VNM(2)
941	000000000003751	6	BEIJING	GBR(1) MEX(1) THA(2) USA (2)
1674	000000000003761	3	BEIJING	MDG(1) REU(1) USA(1)
1	000000000003771	3758	BEIJING	?(1) ARG(3) ARM(49) AUS(41) AUT(25) AZE(52) BEL(13) BGD(121) CAN(4) CHN(46) CUB(26) CZE(14) DEU(19) DNK(18) DZA(1) EST(50) FIN(4) FXX(35) GBR(10) GEO(58)GLP(1) GNB(1) GUF(6) HTI(1) IDN(147) IND(31) IRN(10) ISR(10) ITA(21) JPN(100) KAZ(38) KEN(6) KOR(1) LBY(3) LVA(76) MAR(1) MDG(20) MEX(1) MNG(10) MOZ(2) MUS(10) MWI(1) MYS(240) NLD(22) NZL(4) PAK(5) PER(4) PHL(12) POL(7) PRT(4) REU(6) RUS(426) SAU(5) SEN(8) SGP(2) SUR(1) SWE(32) THA(119) USA(1277)VNM(387) ZAF(106) ZWE(4)
1780	000000000004771	14	U	BEL(14)
467	000000000020771	5	H3	LBY(1) USA(4)
592	000000000101000	6	CANETTII	CHE(1) FXX(1) GLP(1) SOM(3)
1837	000000000203771	3	U	ARG(2) BRA(1)
1172	000000000403771	3	U	EST(3)
1202	000000003760771	4	T1	BRA(2) LBY(1) MDG(1
1770	000000004020571	2	H2	FXX(2)
781	000000004020731	6	H2	ARG(1) AUT(1) FXX(1) ITA(1) USA(2)
2	000000004020771	283	H2	ARG(36) AUT(15) BEL(5) BRA(4) CUB(21) CZE(7) DEU(2) DNK(3) DZA(2) ESP(2) FIN(6) FXX(11) GLP(12) GUF(19) HTI(37) IND(1) ITA(1) LBY(1) MEX(9) MTQ(2)NLD(3) POL(4) RUS(2) TUR(3) USA(74) ZAF(1)
634	000000004177600	6	PINI	ESP(6)
1825	000000004220771	6	H3	ARG(6)
967	000000006177600	4	PINI	ESP(3) FXX(1)
795	000000006760771	4	T1	EGY(3) MYS(1)
1262	000000007000771	2	U	MEX(2)
386	000000007360771	3	T1	BRA(3)
863	000000007400000	4	U	BRA(3) USA(1)
1408	000000007413371	2	EAI5	BGD(1) NLD(1)
1365	000000007413771	4	EAI5	MYS(2) PHL(2)
635	000000007560771	5	T1	BEL(1) BRA(4)
1260	000000007620771	2	H3	MEX(1) USA(1)
586	000000007720631	2	H3	FXX(2)
830	000000007720731	6	H3	CMR(2) FXX(1) GLP(1) USA(2)
3	000000007720771	66	H3	ARG(2) AUT(6) BRA(2) CUB(3) FXX(3) GLP(3) HTI(1) ITA(1) MEX(9) NLD(3)POL(1) SAU(1) SUR(1) USA(29) VEN(1)
125	000000007760731	13	T2	BDI(1) BEL(1) CAN(1) DEU(2) EAFR(1) FXX(1) IRN(2) ITA(1) NLD(1) RWA(1) SAU(1)
1280	000000007760770	4	T1	ARG(1) CZE(1) EGY(1) USA(1)
4	000000007760771	118	LAM3 and S /convergent	ARG(6) AUT(7) BEL(4) CAN(11) DEU(1) FIN(1) FXX(6) GBR(1) GLP(1) GNB(1)GUF(2) HTI(3) ITA(13) ITAS(2) KEN(1) LBY(2) MAR(1) MTQ(1) MWI(1) MYS(2)NLD(7) NOR(1) POL(1) PRT(3) RUS(2) SAU(1) SWE(2) TUR(4) USA (21) VEN(4) ZAF(5)
636	000000007777000	7	BOV	BEL(7)
637	000000007777600	83	PINI	BEL(55) FXX(28)
1487	000000007777731	2	U	MYS(1) USA (1)
955	000000007777771	3	U	USA (2) VNM(1)
1208	000000104020771	2	H1	FXX(1) USA(1)
258	000000177760771	5	T1	MEX(1) USA (4)
1384	000000277420771	2	H4	ARM(2)
1209	000000377760771	3	T1	MEX(2) USA (1)
968	000001705777600	2	BOV	FXX(2)
969	000001707777000	10	BOV	FXX(10)
970	000001707777600	28	BOV	FXX(28)
971	000001747777000	3	BOV	FXX(3)
972	000001747777600	4	BOV	ESP(1) FXX(3)
1184	000002000003771	3	U	FXX(1) SWE(1) VNM(1)
1619	000002777760731	2	X1	USA(2)
1057	000003743760771	3	LAM10_CAM	CMR(3)
1599	000003777377600	3	BOV	DEU(1)
407	000036040003771	2	CAS	USA (2)
1519	000037777403771	2	U	MDG(2)
1152	000037777760770	2	T1	USA (2)
1101	000076700000031	2	U	USA(2)
1366	000076777760671	2	X1	IDN(1) MYS(1)
1095	000076777760771	2	X1	IND(2)
1796	000077777760771	2	T1	BEL(2)
1845	000173777777600	4	BOV	ARG(3) BRA(1)
5	000677777760771	25	T1	GLP(1) GUF(2) HTI(7) MTQ(2) USA (13)
1300	001776777760601	4	X2	USA(4)
638	001777607760771	2	LAM9	NLD(2)
1249	003777607760771	3	LAM9	RUS(2) USA (1)
1616	003777740003771	2	CAS	NLD(1) USA(1)
1076	007777607760771	5	LAM9	IDN(1) MOZ(1) RUS(2) USA (1)
1889	007777707760771	2	T1	BRA(2)
973	016773777777600	2	BOV	FXX(2)
1469	017776607760771	2	X1-LAM9	MWI(2)
1210	017777607760771	4	LAM9	MEX(2) USA(2)
107	036377777760771	4	S	AUS(1) FXX(3)
1880	037603607400011	3	U	USA (3
1885	037637377760771	3	T1	SAU(3)
1588	037637607760771	2	LAM9	DEU(2)
284	037637777760771	35	T1	AUS(1) AUT(10) DEU(4) DNK(1) FIN(1) IRN(1) MEX(1) NLD(2) RUS(1) SAU(4) TUR(8) USA (1)
1786	037647777760771	3	T1	BEL(3)
1904	037676000000371	3	U	AUT(1) ITA(1) VNM(1)
750	037677500020771	18	H3	ARG(3) AUT(8) EAFR(1) USA (6)
359	037677774020771	2	H1	AUT(2)
1278	037677777760771	6	T1	AUT(1) CZE(1) ESP(1) ITA(1) POL(1) USA(1)
1702	037737607760771	3	LAM5	VEN(3)
855	037767777720731	2	H3	CMR(2)
1100	037776777760601	30	X2	USA(30)
1058	037777777760731	2	T2	AUT(1) CMR(1)
272	037777777760771	6	T1	BEL(1) ITAS(2) USA (3)
639	040000000000600	3	MICROTI	GBR(3)
974	046773777764600	13	BOV	FXX(13)
975	046773777767600	16	BOV	FXX(16)
1349	057777777760771	8	T1	ITA(8)
1307	064061777777600	3	BOV	MEX(3)
1305	064063777777600	7	BOV	BRA(3) MEX(4)
1670	064073777777600	16	BOV	ARG(6) BRA(9) MEX(1)
1309	064263777777600	3	BOV	MEX(3)
468	067777777413031	2	EAI5	AUS(1) USA(1)
640	074000007177200	2	PIN	GBR(2)
641	074000030000600	8	MICROTI	GBR(7) USA (1)
642	074000032000600	8	MICROTI	BEL(1) DEU(1) FXX(3) GBR(3)
593	074000037777600	9	PIN	ARG(4) FXX(3) GBR(2)
1543	076160000000071	2	U	ESP(2)
976	076773777777400	5	BOV	FXX(5)
977	076773777777600	5	BOV	?(1) ARG(1) DEU(1) FXX(1) ITA(1)
1441	076777777777600	4	BOV	BEL(4)
1612	077577757003371	3	U	BGD(2) USA(1)
759	077637777760771	2	T1	TUR(2)
375	077737607760771	3	LAM5	VEN(3)
1628	077737777413771	4	EAI5	USA(4)
1415	077743777413731	2	EAI1_SOM	BGD(2)
542	077757607760731	2	LAM4	USA (2)
1734	077767777413731	2	EAI1_SOM	DNK(2)
643	077777377000371	2	U	NLD(2)
1881	077777377413771	3	EAI5	FXX(1) SAU(2)
1468	077777606060671	8	LAM11_ZWE	GBR(1) MWI(7)
816	077777606060771	8	LAM11_ZWE	MDG(1) MWI(5) USA(1) ZWE(1)
1870	077777607760730	2	LAM4	SWE(1) USA(1)
469	077777607760771	21	LAM9	EGY(2) FXX(1) HTI(1) ITA(2) PER(3) THA(1) USA (11)
1546	077777777413011	4	EAI5	NZL(2) USA (2)
338	077777777413071	7	EAI3_IND	BGD(1) GBR(5) MYS(1)
257	077777777413631	9	EAI5	DNK(9)
1399	077777777413700	4	EAI5	BGD(4)
6	077777777413731	39	EAI1_SOM	AUT(3) DNK(13) GBR(5) MYS(1) NLD(7) NZL(2) SWE(4) USA (4)
1090	077777777413771	3	EAI5	IND(2) NLD(1)
307	077777777720731	4	H3	CAF(4)
751	077777777760771	9	T1	BEL(1) FXX(1) MAR(1) NLD(1) SAU(1) SWE(1) TUR(1) USA (2)
408	157756777760771	3	X1	USA (3)
98	170003607760771	4	LAM9?	DEU(1) MNG(3)
1431	174000007413731	2	EAI1_SOM	BGD(2)
1413	177743777413731	2	EAI1_SOM	BGD(2)
1542	177776777760601	2	X2	ESP(1) USA (1)
854	177777403760771	2	T1	CIV(1) CMR(1)
1087	177777603760771	4	T1	GLP(1) HTI(1) USA(2)
1255	177777657760771	2	T5	NLD(1) RUS(1)
1586	177777764020771	12	H1	AUT(1) CZE(1) DEU(9) USA (1)
1389	177777777413731	9	EAI1_SOM	BGD(7) GBR(1) GEO(1)
470	177777777413771	3	EAI5	FXX(1) USA (2)
1613	177777777760731	2	T2	AUT(1) USA(1)
191	177777777760771	10	T1	ARG(1) AUT(1) GEO(1) GLP(1) NLD(1) RUS(2) USA (3)
1810	200001377376600	3	CAP	AUT(3)
1108	200003370000000	4	CAP	AUT(1) DEU(3)
644	200003377207600	27	CAP	DEU(3) ESP(23) FXX(1)
1604	200003377377600	2	CAP	AUT(1) DEU(1)
1109	200003400037600	5	CAP	AUT(5)
645	200003717207600	3	CAP	ESP(2) NLD(1)
818	200003770000000	8	CAP	AUT(1) DEU(4) FXX(2) ITA(1)
1600	200003770003600	3	CAP	DEU(3)
1636	200003774075600	2	CAP	DEU(2)
646	200003777207600	14	CAP	DEU(4) ESP(9) FXX(1)
978	200003777357600	8	CAP	AUT(1) FXX(7)
1635	200003777363600	2	MANU2	DEU(2)
1596	200003777377200	2	CAP	DEU(2)
647	200003777377600	80	CAP	?(1) AUT(8) BEL(1) DEU(50) FXX(12) GBR(1) HND(2) ITA(3) SWE(2)
979	200003777777600	3	CAP	BEL(1) FXX(1) ITA(1)
648	200103717207600	2	CAP	NLD(2)
1598	262773777772600	2	BOVIS1	DEU(2)
1306	264063777777600	2	BOV	GBR(1) MEX(1)
1858	264071777777600	4	BOVIS2	ARG(4)
409	264073777777600	31	BOVIS2	ARG(5) GBR(3) USA (23)
1694	277737607760771	2	LAM5	USA(1) VEN(1)
1775	277777477413771	2	EAI2_MANILLA	BEL(1) GBR(1)
1794	277777737760731	2	T2	BEL(2)
1486	300036777760771	2	X3	GUF(1) USA (1)
471	303777740003771	6	CAS1_DELHI	BGD(2) GBR(1) IND(1) USA (2)
270	337777777413731	3	EAI1_SOM	MYS(1) NLD(2)
1110	376037777760771	20	T1	AUT(20)
1525	376137607760771	4	LAM3	FXX(1) MDG(3)
376	376177607760771	23	LAM3	BEL(1) USA (16) VEN(6)
1541	376377607760771	2	LAM9-S	ESP(2)
884	376377777760771	7	S	ESP(1) ITA(1) USA(4) ZAF(1)
1733	376774737760771	2	T1	DNK(1) NLD(1)
1540	377377607760771	2	LAM9	ESP(1) IDN(1)
1665	377400000000131	2	U	BRA(2)
1078	377703377760731	2	T2	IDN(2)
1367	377737607760771	2	LAM5	IND(1) MYS(1)
1834	377737777760771	2	T3	ARG(1) USA(1)
1671	377767607760771	2	LAM9	BRA(1) FXX(1)
1645	377767777760771	2	T1	FXX(1) GLP(1)
410	377774077760771	3	T1	USA (3)
649	377777423560771	5	T1	KEN(2) NLD(2) SWE(1)
1914	377777607560771	2	LAM6	ITA(1) VEN(1)
828	377777607760731	6	LAM4	BRA(5) GNB(1)
177	377777607760771	21	LAM9	ARG(1) BRA(8) EGY(2) ESP(1) FXX(2) GUF(1) ITA(3) MYS(1) USA(2)
63	377777737760771	5	T1	ESP(1) GLP(2) GUF(1) MTQ(1)
1330	377777757760771	3	T5	TUR(1) ZAF(2)
1681	377777774020771	2	H1	AUT(1) BRA(1)
1550	377777777660760	2	T1	AUT(2)
108	377777777720731	2	H3	FXX(2)
472	377777777720771	6	H3	BEL(1) CZE(1) ESP(1) FXX(1) NLD(1) USA (1)
853	377777777760731	19	T2	AUT(3) BEL(1) CMR(13) DEU(1) USA(1)
1111	377777777760760	21	T1	AUT(20) DEU(1)
7	377777777760771	32	T1	AUT(2) CMR(1) DEU(1) ESP(1) FXX(1) GBR(2) GLP(3) GUF(3) HTI(2) JPN(1)MEX(1) MYS(1) NLD(3) PER(1) TUR(1) USA (8)
616	400000000003771	3	U	USA (1) VNM(2)
980	400000077777600	19	BOV	ESP(3) FXX(15) NLD(1)
852	400003743760771	13	LAM10_CAM	BEL(1) CMR(12)
192	400003777413771	2	EAI5	USA (2)
387	400017600560731	2	T2	BRA(2)
1648	400017777413771	3	EAI5	COM(2) NLD(1)
1864	400027777413671	2	EAI5	USA(2)
1764	400037777405771	2	U	KEN(2)
8	400037777413771	63	EAI5 or EAI3	COM(1) DNK(16) GBR(10) IND(2) MYS(1) NLD(2) NOR(2) SWE(1) TUN(2) USA(21) ZMB(5)
1287	400037777613771	4	MANU1	NOR(4)
1097	400177777413071	2	EAI3_IND	IND(2)
9	401776777760601	4	X2	GBR(1) NLD(2) USA (1)
1488	401777777410071	2	U	MYS(1) USA (1)
473	401777777413071	7	EAI3_IND	AUS(1) DEU(1) IND(1) MYS(1) USA (3)
1554	402777607760731	7	LAM4	AUT(6) DEU(1)
851	403777702000371	2	U	CMR(2)
1089	403777740003771	3	CAS	IND(2) USA (1)
1112	403777777760771	3	T1	AUT(2) USA (1)
1445	407757607760771	4	LAM9	GEO(4)
1387	407760007760771	2	T5_RUS1	ARM(2)
961	407777607760771	3	LAM9	GEO(1) SEN(1) USA (1)
411	407777777760771	8	T1	FXX(1) MWI(1) USA (6)
1605	416773677777600	2	BOV	DEU(2)
981	416773777777000	5	BOV	FXX(5)
982	416773777777600	2	BOV	ESP(1) FXX(1)
1692	417136777760731	4	X1	VEN(4)
782	417777607760771	2	LAM9	FXX(1) USA (1)
1724	435773037604771	2	U	GBR(2)
650	436773677774600	10	BOV	BEL(2) DEU(1) FXX(6) NLD(1)
921	437737777420771	5	H4	FIN(5)
339	437776777760601	16	X2	GBR(16)
965	437777407760771	2	T1	FXX(2)
412	437777606060600	2	LAM11_ZWE	USA (2)
1715	437777607760731	3	LAM4	ITA(1) VEN(2)
964	437777607760771	5	LAM9	FXX(2) MAR(1) SWE(1) USA (1)
850	437777743760771	2	LAM10_CAM	CMR(2)
1763	437777774320731	2	H3	ESP(1) GUF(1)
1206	437777777400171	2	U	ITAS(1) USA (1)
1159	437777777720771	5	H3	USA (5)
798	437777777760771	2	T1	FXX(1) NLD(1)
1299	440003777777600	4	BOV	MEX(4)
752	440013777777600	2	BOV	GBR(1) USA (1)
927	440060000000771	2	U	FIN(2)
1427	457001777413771	4	EAI5	BGD(2) GEO(2)
596	457777777420771	2	H4	IRN(2)
651	464063777777600	2	BOV	GBR(1) NZL(1)
1851	464073777777600	2	BOV	ARG(1) GBR(1)
1310	464223777774600	2	BOV	MEX(2)
1740	467777774000071	2	U	ITA(1) USA(1)
474	467777777413031	2	EAI5	GBR(1) USA (1)
76	474001377413771	2	EAI5 or EAI3	GUF(2)
938	474177777413771	2	EAI5	THA(2)
1286	474177777613771	2	MANU1	NOR(2)
1395	474377767413771	3	EAI5	BGD(2) USA (1)
340	474377777413771	21	EAI5	AUS(1) DNK(2) FXX(1) GBR(2) IND(6) MYS(1) NLD(1) USA (7)
1817	474563777777600	2	BOV	BRA(2)
1680	475777777413071	2	EAI3_IND	GBR(1) MDG(1)
1760	476177607760771	2	LAM3	DEU(1) PRT(1)
1746	476377737760771	3	S	BEL(1) ITA(1) POL(1)
1113	476377777760771	10	S	AUT(8) BEL(1) ZAF(1)
1819	476763677777200	4	BOV	MEX(4)
1842	476763777777600	2	BOV	ARG(1) BRA(1)
1875	477001777413771	2	EAI5	DEU(1) USA(1)
1114	477377777760731	6	T2	AUT(4) LVA(1) POL(1)
296	477567777413071	2	EAI3_IND	DNK(2)
652	477577777413071	5	EAI3_IND	DNK(2) GBR(1) NLD(2)
1472	477677777410771	3	CAS	MWI(3)
1704	477727607760771	2	LAM5	VEN(2)
178	477737607760731	4	LAM4	CUB(1) SEN(1) VEN(2)
960	477737607760771	8	LAM5	USA (2) VEN(6)
1502	477757777013071	2	MANU1	MYS(2)
577	477767277413771	5	EAI5	DNK(5)
297	477767377413671	2	EAI5	DNK(2)
298	477767777413071	26	EAI3_IND	DNK(23) IND(2) USA(1)
1359	477774374020771	8	H1	FXX(1) GBR(1) ITA(6)
1423	477774777413771	2	EAI5	BGD(2)
624	477775777413071	2	EAI3_IND	USA (2)
299	477776077411171	22	U	DNK(12) MYS(1) NLD(7) NZL(2)
475	477776077411771	4	U	GBR(1) IND(1) USA (2)
1866	477776377413771	3	EAI5	NLD(1) USA(2)
1342	477777177413071	4	EAI3_IND	DNK(1) NLD(1) USA (2)
1520	477777277403771	3	U	MDG(3)
10	477777277413771	61	EAI5 or EAI3	BEL(4) DNK(18) FXX(3) GBR(11) ITA(1) MDG(1) MWI(2) NLD(19) SWE(2)
1518	477777377403771	17	U	MDG(16) SAU(1)
1263	477777377410771	2	CAS	BEL(2)
109	477777377413771	51	EAI8_MDG	DNK(1) FXX(2) MDG(46) NLD(1) USA (1)
1517	477777377417771	6	U	MDG(6)
1676	477777377613071	2	MANU1	MDG(2)
413	477777477413771	10	EAI5	ITA(1) PHL(3) USA (5) VNM(1)
653	477777604020771	2	LAM9	NLD(2)
753	477777607760771	12	LAM9	BRA(1) GUF(1) MWI(2) NLD(1) USA(2) ZAF(1) ZWE(4)
1762	477777637413071	2	EAI3_IND	GUF(1) MTQ(1)
865	477777677413071	3	EAI3_IND	USA(3)
654	477777737413071	4	EAI3_IND	IND(1) NLD(2) USA (1)
1930	477777737760771	2	T1	ITA(2)
414	477777767413071	12	EAI3_IND	GUF(1) IND(1) MYS(1) NLD(3) USA (6)
1652	477777774020771	2	H1	IDN(1) VNM(1)
415	477777774137771	14	U	IND(6) NZL(3) USA (5)
341	477777775413031	2	EAI5	GBR(2)
113	477777776413071	4	EAI3_IND	FXX(3) IND(1)
1515	477777777403771	3	U	MDG(3)
629	477777777410071	3	U	GBR(1) IND(1) USA (1)
1467	477777777410771	2	CAS	MWI(2)
625	477777777412071	4	EAI5	GBR(1) NLD(1) USA (2)
626	477777777412771	2	EAI5	USA (2)
355	477777777413031	20	EAI5	DNK(1) FXX(1) GBR(5) IND(1) MUS(1) MYS(2) NLD(1) USA (8)
11	477777777413071	237	EAI3_IND	AUS(1) AUT(4) BEL(2) BGD(14) CUB(1) DEU(2) DNK(17) FXX(2) GBR(39) GLP(1)GUF(4) IDN(1) IND(34) IRN(1) MYS(17) NLD(20) NZL(6) PAK(2) SWE(1) USA(68)
1369	477777777413671	2	EAI5	GBR(1) MYS(1)
1182	477777777413731	2	EAI1_SOM	SWE(2)
126	477777777413771	35	EAI5	BEL(1) BGD(4) DNK(3) GBR(15) IND(4) MDG(1) MYS(1) NLD(4) SEN(1) SWE(1)
655	477777777720771	18	H3	BEL(1) FXX(1) IDN(6) NLD(3) USA (7)
783	477777777760731	6	T2	FXX(1) MYS(3) USA (2)
804	477777777760771	11	T1	AUT(1) DNK(1) IND(1) ITA(1) SWE(1) USA(1) USA (2) ZWE(3)
12	500036777760771	3	X3	GLP(2) USA (1)
13	500066777760771	2	X3	GLP(2)
14	500076777760771	33	X3	GLP(25) GUF(3) MTQ(1) USA(3) VEN(1)
1319	500367740003771	2	CAS2	IND(2)
1323	503767740003671	2	CAS1_DELHI	IND(2)
754	503777740003771	2	CAS1_DELHI	GBR(1) IRN(1)
79	517347606060661	2	LAM11_ZWE	ZWE(2)
1385	537767776760631	2	T1	ARM(2)
360	540377777720771	4	H3	AUT(4)
304	540777757760771	3	T5	USA (3)
85	557757606060771	2	LAM11_ZWE	ZWE(2)
887	557767777720771	2	H3	USA (2)
597	567777777420771	2	H4	IRN(2)
525	570777637743671	2	AFRI_1	GNB(2)
318	570777777777671	3	AFRI_1	CIV(1) GNB(2)
861	574067606767071	2	AFRI_2	CMR(2)
860	574067607777071	2	AFRI_2	CIV(1) CMR(1)
319	574077607777071	9	AFRI_2	CIV(1) CMR(3) POL(1) USA(4)
1269	574777777420771	2	H4	RUS(1) USA(1)
104	576167400000171	2	U (LAM3?)	ESP(2)
1354	576177607760771	2	LAM3	ITA(2)
1211	576377777760771	2	S	MEX(1) USA(1)
1581	577477777420771	2	H4	DEU(1) USA (1)
1936	577677077760771	2	T1	SWE(1) TUR(1)
300	577727674413671	2	EAI4_VNM	DNK(2)
793	577736777760601	2	X2	USA (2)
1433	577737757413771	2	EAI6_BGD1	BGD(2)
361	577737777420771	4	H4	AUT(2) IRN(1) TUR(1)
1272	577737777760571	2	T3	HTI(1) USA(1)
1924	577747404760671	3	LAM7_TUR	EGY(1) ITA(2)
87	577757606060771	2	LAM11_ZWE	ZWE(2)
301	577767777413631	3	EAI5	DNK(3)
1732	577767777413731	4	EAI1_SOM	DNK(4)
1317	577767777760671	2	T1	IND(1) ROM(1)
1318	577767777760771	6	T1	EGY(1) GUF(1) IND(4)
1638	577767777763771	2	MANU2	CHN(2)
1402	577770050000000	2	U	BGD(2)
1285	577776755412731	2	EAI6_BGD1	NOR(2)
1744	577776770000000	2	U	ITA(2)
476	577776777760601	2	X2	GBR(1) USA (1)
1618	577777000000011	3	ZERO	USA(2) VNM(1)
788	577777002060771	3	T1	NLD(1) SWE(1) USA(1)
656	577777377420771	2	H4	IRN(1) NLD(1)
1739	577777377760700	2	T1	GUF(1) ITA(1)
1921	577777407560731	2	T2	ITA(2)
15	577777600360771	2	T1	GLP(2)
1792	577777607720771	2	H3	BEL(2)
866	577777607760771	18	LAM9	BRA(1) FXX(2) GNB(1) ITA(9) USA (4) VEN(1)
543	577777677561771	2	U	USA (2)
755	577777677720771	2	H3	ARG(1) USA(1)
1079	577777703760771	3	T1	IDN(2) MYS(1)
1398	577777740003771	2	U	BGD(2)
1798	577777744020771	2	H1	BEL(2)
1418	577777750003771	4	U	BGD(4)
1436	577777757403771	3	U	BGD(3)
882	577777757413771	17	EAI6_BGD1	BGD(12) GEO(1) ITA(1) MYS(1) USA (2)
417	577777770060771	2	T1	USA (2)
1155	577777774020771	2	H1	BRA(1) USA (1)
1731	577777774413771	2	EAI4_VNM	DNK(2)
1632	577777776000371	2	U	AUT(1) USA(1)
16	577777777413071	4	EAI5 or EAI3	DNK(2) GBR(2)
477	577777777413731	10	EAI1_SOM	AUS(1) DNK(3) IND(1) MYS(1) NLD(1) USA (3)
1900	577777777413770	2	EAI5	VNM(2)
380	577777777413771	2	EAI5	AUS(1) AUT(1)
127	577777777420771	48	H4	AUS(1) AUT(9) DEU(7) FXX(1) GBR(1) IRN(19) ITA(1) NLD(5) RUS(1) SWE(1) USA (2)
1115	577777777700000	3	U	AUT(3)
1360	577777777720631	3	H3	ITA(3)
294	577777777720771	11	H3	AUT(1) DEU(3) GBR(1) HTI(1) IDN(1) MYS(1) NLD(1) USA(2)
1301	577777777760601	3	T1	IND(1) ZAF(2)
1302	577777777760731	8	T2	CMR(1) ITA(6) ZAF(1)
1917	577777777760770	2	T1	ITA(2)
334	577777777760771	39	T1	BEL(2) ESP(2) FIN(2) FXX(2) GBR(2) GEO(3) GLP(1) GNB(3) GUF(3) HTI(1) IND(1) ITA(5) JPN(1) MTQ(1) NLD(1) SEN(1) SWE(1) USA (5) VNM(2)
1096	577777777763771	2	MANU2	IND(2)
1662	600000000060731	2	T2	BRA(2)
1212	600000000060751	2	T1	MEX(2)
1084	600000000360771	4	T1	GUF(4)
544	600000000760731	2	T2	USA (2)
657	600000016177600	2	BOV	ARG(2)
658	600000017777600	41	BOV	ARG(33) BRA(4) MEX(4)
1741	600000077413771	2	EAI5	ITA(1) USA(1)
983	600373777777600	3	BOV	FXX(3)
1545	601775607760771	6	LAM9	BEL(5) BRA(1)
1607	601777606060771	3	LAM11_ZWE	USA(2) ZWE(1)
659	602733777777600	6	BOVIS1	BDI(6)
984	602753377777600	2	BOVIS1	FXX(2)
660	602773607777600	4	BOVIS1	BDI(4)
661	602773777777600	8	BOVIS1	DEU(1) NLD(4) UGA(3)
1606	603777740000771	2	CAS	AUS(1) USA(1)
952	603777740003771	4	CAS	BGD(1) SWE(1) USA (2)
985	606773677747600	3	BOVIS1	FXX(3)
986	606773777777600	3	BOVIS1	DEU(1) FXX(2)
1116	607777777720771	2	H3	AUT(2)
662	614073777777600	30	BOV	BEL(9) FXX(21)
1442	614077777777600	6	BOV	BEL(6)
987	614173777777600	2	BOV	FXX(2)
1673	614373777777600	8	BOV	MDG(7) NLD(1)
988	616601777777600	2	BOV	FXX(2)
989	616733777777600	6	BOVIS1	? (1) FXX(2) USA(3)
990	616772777777600	21	BOVIS1	BEL(4) FXX(17)
663	616773677777600	14	BOVIS1	CAN(1) ESP(11) ITA(1) NLD(1)
991	616773737777600	30	BOVIS1	?(1) BEL(1) FXX(28)
664	616773776377600	2	BOVIS1	NLD(1) SAU(1)
992	616773777677600	2	BOVIS1	FXX(2)
993	616773777757600	3	BOVIS1	FXX(3)
994	616773777763600	2	BOVIS1	FXX(2)
995	616773777775600	4	BOVIS1	FXX(4)
1667	616773777777200	6	BOVIS1	ARG(2) BRA(3) MEX(1)
665	616773777777600	120	BOVIS1	?(5) ARG(1) BEL(20) BRA(1) DEU(3) ESP(3) FXX(71) GBR(2) ITA(7) ITAS(1) NLD(2) REU(2) ZAF(2)
416	616777677777600	7	BOV	CAN(7)
1443	616777777777600	2	BOV	BEL(2)
1102	617776777760401	2	X1	USA(2)
478	617776777760601	16	X2	GBR(1) MEX(2) NOR(1) USA(12)
1803	617777607760771	3	LAM9	ARG(1) FXX(1) SEN(1)
418	617777777720771	5	H3	ARG(1) USA (4)
1859	624073777700600	3	BOV	ARG(2) BRA(1)
1303	624073777777600	2	BOV	BEL(1) IRL(1)
419	630000207760771	4	LAM9	USA (4)
996	636373677777600	2	BOV	FXX(2)
1156	636377607760771	2	LAM9-S	USA(2)
1587	636377770760771	2	S	AUT(1) DEU(1)
997	636773777777600	28	BOVIS1	ARG(2) BRA(1) FXX(20) MEX(5)
1633	637403607760671	2	LAM9	USA(2)
420	637774777760730	12	T2	BEL(4) EAFR(1) UGA(1) USA (6)
128	637775777760730	9	T2	BEL(2) DEU(1) EAFR(4) RWA(1) UGA(1)
1489	637777477413750	2	EAI5	MYS(2)
1886	637777477413771	3	EAI5	PHL(1) SAU(2)
578	637777607760771	16	LAM9	HTI(3) USA(10) VEN(3)
1164	637777777700371	4	U	USA (4)
849	637777777720771	3	H3	CMR(1) DEU(1) SEN(1)
285	637777777760771	3	T1	AUS(1) FXX(1) THA(1)
1862	640000037777600	4	BOV	IRL(4)
829	640003777777600	8	BOV	ARG(2) GBR(1) GLP(1) MEX(4)
1158	640013377777600	5	BOVIS3	ARG(2) USA (3)
1304	640013737777600	2	BOVIS3	GBR(2)
1846	640013776777600	2	BOVIS3	ARG(2)
666	640013777177600	7	BOVIS3	GBR(7)
1818	640013777763600	2	BOVIS3	BRA(1) MEX(1)
479	640013777777600	97	BOVIS3	ARG(32) AUS(1) BRA(4) FXX(12) GBR(7) IRL(29) MEX(3) USA (8) ZAF(1)
1298	642217777777600	2	BOV	MEX(2)
667	644073777777600	20	BOV	ARG(1) ESP(1) GBR(10) IRL(8)
998	644773777767600	2	BOV	FXX(2)
999	646770077767600	22	BOV	FXX(22)
1000	646773776167600	19	BOVIS1	FXX(19)
1001	646773777767200	4	BOVIS1	FXX(4)
1002	646773777767600	9	BOVIS1	FXX(9)
1213	647737607760771	2	LAM2	USA(2)
668	656473737777600	11	BOVIS1	? (1) ARG(3) GBR(5) URY(1) ZAF(1)
669	656573377777200	5	BOVIS1	ARG(5)
670	656573377777600	9	BOVIS1	GBR(4) MEX(1) USA(2) ZAF(2)
594	656573777777600	43	BOVIS1	ARG(8) BRA(7) GBR(8) IRL(10) PRY(1) SWE(1) USA(3) ZAF(5)
1003	656773777777600	6	BOVIS1	FXX(4) MWI(2)
377	657737607760771	6	LAM2	USA(2) USA (2) VEN(2)
1512	657777477413701	3	EAI2_MANILLA	MYS(3)
633	657777607760731	4	LAM4	GLP(1) HTI(3)
729	657777607760771	4	LAM1	GLP(1) HTI(3)
1682	662773677777600	2	BOVIS1	BRA(1) NLD(1)
1004	662773777777600	6	BOVIS1	FXX(4) ITA(2)
1713	663777607760771	3	LAM1	VEN(3)
671	664043777777600	4	BOV	GBR(1) IRL(3)
1308	664063777700600	2	BOV	MEX(2)
1666	664063777776600	3	BOV	BRA(3)
672	664063777777600	21	BOV	ARG(4) BRA(3) GBR(6) IRL(3) MEX(4) NZL(1)
673	664070377777600	4	BOV	AUS(1) GBR(1) IRL(2)
674	664071777777600	3	BOV	ARG(3)
1856	664072777777600	6	BOVIS2	ARG(6)
1297	664073077777600	2	BOVIS2	GBR(2)
675	664073377777600	6	BOVIS2	ARG(1) GBR(5)
1722	664073677777200	2	BOVIS2	GBR(1) USA (1)
1723	664073770037600	2	BOVIS2	GBR(2)
676	664073774037600	177	BOVIS2	GBR(107) IRL(70)
1850	664073776177600	4	BOVIS2	ARG(4)
1863	664073777577600	4	BOVIS2	IRL(3) MEX(1)
1625	664073777700600	2	BOVIS2	USA(2)
1861	664073777707600	5	BOVIS2	GBR(1) IRL(4)
677	664073777740600	31	BOVIS2	GBR(30) IRL(1)
1860	664073777741600	3	BOVIS2	GBR(1) IRL(2)
678	664073777757600	16	BOVIS2	ARG(2) GBR(14)
679	664073777763600	428	BOVIS2	ARG(1) GBR(112) IRL(315)
680	664073777767600	5	BOVIS2	ARG(4) IRL(1)
1855	664073777773600	4	BOVIS2	ARG(3) BRA(1)
681	664073777776600	11	BOVIS2	ARG(1) BRA(3) FXX(1) GBR(6)
682	664073777777200	66	BOVIS2	ARG(3) AUS(1) GBR(9) IRL(53)
683	664073777777600	1811	BOVIS2	ARG(250) AUS(1) BEL(2) BRA(25) FXX(10) GBR(481) IRL(993) MEX(7) MTQ(1) NLD(1) NZL(20) PRY(2) URY(3) USA (5) ZAF(10)
684	666773677777600	25	BOVIS1	BEL(4) DEU(1) FXX(8) NLD(2) USA(6) ZAF(4)
1603	666773777677600	2	BOVIS1	DEU(1) NLD(1)
1463	670000777760731	3	T1_RUS2	GEO(3)
899	670000777760771	2	T1_RUS2	USA (2)
1005	672773777775600	2	BOVIS1	ESP(1) FXX(1)
756	673777477413771	2	EAI2_MANILLA	USA (1) VNM(1)
821	674000000000171	6	U	BRA(1) USA(4) VEN(1)
1187	674000003403771	4	U	THA(4)
89	674000003413771	67	EAI2_NTB	AUS(1) FXX(1) GLP(1) GUF(1) IDN(2) MYS(4) NLD(5) SWE(3) THA(36) USA(11) VNM(2)
308	674001777677600	2	BOV	CAF(2)
1602	674023777777600	2	BOV	DEU(2)
685	674073777777600	10	BOV	ARG(2) DEU(3) FXX(1) GBR(3) IRL(1)
686	674153777777600	2	BOV	DEU(2)
1595	674363677777600	2	BOV	DEU(2)
1439	674373677777600	2	BOV	BEL(1) ESP(1)
1006	674373777774000	2	BOV	FXX(2)
1007	674373777777600	2	BOV	FXX(2)
687	674573777767600	2	BOV	ARG(2)
1849	674573777777600	6	BOV	ARG(5) BRA(1)
1853	674773674377200	2	BOV	ARG(2)
1292	674777377420771	2	H4	AUT(1) RUS(1)
1479	674777470001771	7	U	DEU(1) MYS(2) PHL(2) USA(2)
480	674777477411771	3	U	USA (3)
1117	674777777420771	3	H4	AUT(1) RUS(2)
545	675737607760771	4	LAM2	FXX(2) USA (2)
1478	675777477413771	2	EAI2_MANILLA	PHL(2)
362	675777757760771	18	T5	AUT(18)
897	676003477413771	4	EAI2_MANILLA	AUS(1) MYS(1) USA (2)
580	676077607760771	2	LAM1	NAM(2)
1170	676177477413771	3	EAI2_MANILLA	PHL(2) USA (1)
1293	676177607760771	3	LAM3	USA (1) ZAF(2)
1336	676377717760471	2	S	ZAF(2)
1253	676377737760771	7	S	ARG(1) DEU(1) FXX(1) RUS(2) TUR(2)
923	676377777720771	3	H3-S	FIN(3)
789	676377777760771	7	S	ARG(1) AUT(2) ITAS(1) SWE(1) USA(1) ZAF(1)
688	676473777777600	25	BOVIS1	GBR(3) IRL(22)
957	676501777177600	2	BOV	USA (2)
1008	676563777777600	6	BOV	ARG(3) FXX(1) GBR(1) MEX(1)
689	676573777017600	12	BOVIS1	GBR(2) IRL(10)
778	676573777077600	5	BOVIS1	ARG(3) MEX(2)
1857	676573777177600	2	BOVIS1	ARG(2)
690	676573777637600	5	BOVIS1	SWE(1) ZAF(4)
757	676573777677600	2	BOVIS1	GBR(1) NLD(1)
691	676573777777600	175	BOVIS1	ARG(60) BRA(23) ESP(1) FXX(9) GBR(9) IRL(20) MEX(4) NZL(22) PRY(3) SWE(1) USA (3) ZAF(20)
421	676600000000371	12	U	USA (12)
692	676673677777600	4	BOVIS1	NLD(4)
1118	676673757777600	3	BOVIS1	AUT(2) USA (1)
1185	676673777777600	2	BOVIS1	FXX(1) SWE(1)
1009	676713677767600	2	BOVIS1	FXX(2)
1010	676733677777600	4	BOVIS1	ESP(1) FXX(3)
1932	676733777777600	2	BOVIS1	FXX(1) ITA(1)
1848	676740677777600	3	BOV	ARG(2) MEX(1)
1011	676743377777600	3	BOV	FXX(2) NLD(1)
693	676743677777600	2	BOV	NLD(2)
694	676743777777600	4	BOV	DEU(1) DNK(1) NLD(2)
1012	676760000007600	2	BOV	FXX(2)
1013	676760006067600	6	BOV	FXX(6)
1784	676760777777600	2	BOV	BEL(1) DNK(1)
1014	676763637767600	4	BOV	FXX(4)
1668	676763677776200	6	BOV	BRA(6)
1669	676763677776600	4	BOV	BRA(4)
819	676763677777400	3	BOV	DEU(3)
695	676763677777600	10	BOV	BEL(1) BRA(1) DEU(2) MEX(2) NLD(3) USA(1)
820	676763777777600	47	BOV	BRA(5) DEU(6) DNK(29) FXX(3) MEX(1) NOR(1) USA (2)
1015	676770077777600	5	BOV	FXX(5)
1016	676772777767600	13	BOVIS1	FXX(13)
1017	676773017737600	3	BOVIS1	FXX(3)
1820	676773277777200	4	BOVIS1	BRA(1) MEX(3)
1018	676773377757600	2	BOVIS1	ESP(2)
1019	676773377777600	6	BOVIS1	DEU(2) DNK(1) FXX(3)
1020	676773417777600	7	BOVIS1	FXX(7)
422	676773667777600	7	BOVIS1	USA (7)
1021	676773674037600	6	BOVIS1	BRA(2) FXX(2) MEX(2)
696	676773674177600	21	BOVIS1	AUT(1) BEL(1) DEU(1) FXX(16) NLD(2)
697	676773676177600	8	BOVIS1	DEU(2) NLD(3) SAU(3)
1847	676773677377600	2	BOVIS1	ARG(2)
1816	676773677603600	3	BOVIS1	BRA(2) MEX(1)
1022	676773677743600	13	BOVIS1	DEU(6) FXX(7)
1023	676773677757600	4	BOVIS1	FXX(3) ZAF(1)
1024	676773677761600	2	BOVIS1	FXX(2)
1025	676773677763600	3	BOVIS1	FXX(3)
1026	676773677774600	3	BOVIS1	FXX(3)
1027	676773677775600	2	BOVIS1	FXX(1) SAU(1)
1028	676773677777000	2	BOV	FXX(1) NLD(1)
698	676773677777200	55	BOVIS1	ARG(13) BRA(23) CRI(1) ESP(5) FXX(5) MEX(4) NLD(3) USA (1)
1601	676773677777400	3	BOV	DEU(2)
481	676773677777600	414	BOVIS1	?(2) ARG(40) BEL(17) BRA(16) DEU(32) ESP(14) FXX(149) GBR(2) ITA(1) MEX(8) NLD(50) SAU(1) SWE(3) URY(1) USA(4) ZAF(74)
1029	676773737766600	3	BOVIS1	FXX(3)
1030	676773737777600	27	BOVIS1	DEU(1) FXX(26)
1181	676773757777600	4	BOVIS1	BEL(2) SWE(2)
1031	676773764146600	2	BOVIS1	FXX(2)
1854	676773770000600	2	BOVIS1	ARG(1) FXX(1)
1852	676773770003600	2	BOVIS1	ARG(2)
1032	676773776003600	2	BOVIS1	FXX(2)
1033	676773777075600	6	BOVIS1	DEU(1) FXX(5)
1637	676773777577600	2	BOVIS1	DEU(1) NLD(1)
1034	676773777600600	3	BOVIS1	FXX(3)
1035	676773777627600	2	BOVIS1	FXX(2)
1036	676773777637600	4	BOVIS1	FXX(4)
1037	676773777677600	3	BOVIS1	FXX(2) USA (1)
1038	676773777735600	8	BOVIS1	FXX(8)
1039	676773777736600	3	BOVIS1	FXX(3)
1040	676773777737600	17	BOVIS1	AUT(1) DEU(1) FXX(15)
1041	676773777743600	9	BOVIS1	FXX(9)
1730	676773777747600	3	BOVIS1	DEU(1) DNK(2)
1042	676773777753600	7	BOVIS1	FXX(7)
1043	676773777766600	5	BOVIS1	FXX(5)
1044	676773777767600	51	BOVIS1	FXX(51)
1045	676773777770600	7	BOVIS1	BEL(2) FXX(5)
1046	676773777771600	5	BOVIS1	FXX(5)
1047	676773777773600	13	BOVIS1	ESP(1) FXX(12)
1048	676773777775600	10	BOVIS1	FXX(10)
797	676773777777200	5	BOVIS1	FXX(3) USA (2)
482	676773777777600	646	BOVIS1_BCG	?(7) ARG(15) AUT(12) BEL(5) BRA(10) CHN(1) CZE(1) DEU(36) DNK(30) ESP(12) FXX(342) GBR(7) GLP(3) GUF(1) IRN(5) ITA(26) JPN(1) LKA(1) MEX(3) NAM(1) NLD(43) NOR(1) NZL(2) PRT(2) RUS(4) SWE(29) USA(39) VEN(1) ZAF(4) ZMB(2)
1440	676777677777600	8	BOV	BEL(8)
595	676777777777600	5	BOV	DNK(1) IRN(2) NLD(1) USA(1)
1499	677003477413771	3	EAI2_MANILLA	MYS(2) USA(1)
1811	677300004760731	2	T2	AUT(2)
1712	677317607760771	2	LAM1	USA(1) VEN(1)
1719	677337607760671	2	LAM2	VEN(2)
1711	677337607760771	2	LAM2	VEN(2)
1511	677577477413771	2	EAI2_MANILLA	PHL(2)
1201	677636207760771	2	LAM1	CMR(1) SDN(1)
1899	677640007760771	2	T1	VNM(2)
279	677677477413771	5	EAI2_MANILLA	AUS(2) MYS(3)
1691	677727607760771	17	LAM2	MEX(1) PRT(2) VEN(14)
1215	677735607760771	5	LAM2	MEX(2) USA(2) VEN(1)
826	677737207760771	3	LAM2	BRA(2) VEN(1)
1169	677737477413771	5	EAI2_MANILLA	PHL(4) USA (1)
1703	677737607560771	2	LAM2	VEN(2)
193	677737607660771	17	LAM2	GUF(1) HTI(8) USA (8)
1216	677737607700371	2	U	USA(2)
905	677737607700771	15	U	ARG(1) USA (5) VEN(9)
1661	677737607760671	4	LAM2	BRA(2) VEN(2)
908	677737607760700	7	LAM2	USA (7)
179	677737607760711	8	LAM2	BRA(6) GUF(1) PRT(1)
194	677737607760731	12	LAM2-LAM4	BRA(1) MEX(2) USA (4) VEN(5)
604	677737607760751	4	LAM2	ARG(1) BEL(1) GNB(1) VEN(1)
1695	677737607760770	2	LAM2	BRA(1) VEN(1)
17	677737607760771	322	LAM2	ARG(3) BRA(33) CMR(2) CUB(1) CZE(3) ESP(17) FXX(1) GLP(11) GUF(7) HTI(22)MEX(3) MTQ(2) MYS(1) NAM(1) NLD(2) PHL(3) PRT(6) USA(76) VEN(128)
1911	677737707760770	2	T3	BRA(2)
1910	677737707760771	2	T3	BRA(2)
1339	677737777760731	2	T2-T3	GUF(1) USA (1)
1163	677737777760771	9	T3	BRA(5) USA (4)
1806	677747757760771	2	T5	AUT(2)
1769	677761607760771	2	LAM1	CUB(1) VEN(1)
1490	677767477413771	2	EAI2_MANILLA	MYS(2)
1935	677767607760671	2	LAM1	GUF(1) PRT(1)
389	677767607760771	14	LAM1	BRA(4) FIN(1) PRT(7) VEN(2)
1761	677767777760771	3	T1	BEL(1) BRA(1) GUF(1)
423	677774207760771	7	LAM1	BEL(3) USA (4)
1718	677776607760771	3	X1-LAM9	VEN(3)
18	677776777760601	14	X2	BRA(5) GBR(5) NLD(2) USA (2)
1707	677777400760771	2	T1	VEN(2)
930	677777404760771	6	LAM7_TUR	BEL(2) FIN(2) NLD(1) TUR(1)
1477	677777463413701	2	EAI2_MANILLA	PHL(2)
286	677777470000000	8	U	AUS(1) GLP(1) IDN(1) ITA(1) PHL(2) USA(2)
1509	677777472000000	3	U	DEU(1) PHL(2)
1510	677777476003771	2	U	PHL(2)
895	677777477013771	4	MANU1	PHL(2) USA (2)
1500	677777477400771	2	U	MYS(2)
1189	677777477403771	4	U	MYS(2) THA(1) USA (1)
1171	677777477412771	2	EAI2_MANILLA	PHL(1) THA(1)
1217	677777477413151	2	EAI2_MANILLA	USA(2)
1501	677777477413671	4	EAI2_MANILLA	MYS(3) PHL(1)
758	677777477413700	2	EAI2_MANILLA	PHL(1) USA (1)
483	677777477413701	11	EAI2_MANILLA	FXX(1) GUF(1) MYS(1) PHL(2) USA (6)
424	677777477413711	9	EAI2_MANILLA	USA(8) USA (1)
894	677777477413731	9	EAI2_MANILLA	MYS(1) PHL(4) USA (4)
287	677777477413751	10	EAI2_MANILLA	AUS(1) FXX(1) IDN(1) MYS(3) PHL(2) USA (2)
1868	677777477413761	2	EAI2_MANILLA	PHL(1) USA(1)
1781	677777477413770	2	EAI2_MANILLA	BEL(1) USA(1)
19	677777477413771	430	EAI2_MANILLA	AUS(11) AUT(13) BEL(1) FIN(1) FXX(2) GBR(1) GLP(2) IDN(1) ITA(20) JPN(1) MYS(43) NLD(3) PHL(132) SUR(1) SWE(4) THA(8) USA(183) VNM(3)
1815	677777606760771	2	LAM1-LAM8	BRA(2)
1145	677777607060771	2	LAM1	HTI(1) USA (1)
1791	677777607160771	2	LAM1	BEL(2)
1755	677777607560771	4	LAM1	PRT(2) USA (2)
195	677777607660771	4	LAM1	BRA(2) GLP(1) USA (1)
900	677777607740011	2	U	USA (2)
1752	677777607740771	3	U	PRT(2) USA (1)
1321	677777607760731	8	LAM1-LAM4	ARG(1) GUF(1) IND(1) PRT(3) USA(2)
20	677777607760771	426	LAM1	ARG(2) AUS(2) AUT(1) BEL(8) BRA(26) CMR(7) CUB(5) DEU(10) ECU(1) ESP(7) EST(4) FIN(1) FXX(18) GBR(1) GEO(1) GLP(3) GNB(3) GUF(10) HTI(26) IDN(1) LBY(1) MEX(7) MOZ(1) MWI(11) NAM(62) NLD(11) PER(1) PHL(2) PRT(49) RUS(3) SWE(3) USA(108) VEN(26) VNM(1) ZAF(1) ZWE(2)
1474	677777627760771	2	T1	MWI(2)
1362	677777700000371	2	U	ITA(2)
1888	677777707760771	3	T1	BRA(2) VEN(1)
1808	677777757760771	2	T5	AUT(1) BEL(1)
898	677777774020771	3	H1	NLD(1) USA (2)
90	677777776000371	6	U	AUT(2) ITA(1) NLD(1) POL(2)
526	677777777403671	2	U	GNB(2)
527	677777777403771	7	U	GNB(7)
912	677777777413371	5	EAI5	NOR(1) USA(4)
528	677777777413671	5	EAI5	GNB(3) USA(2)
529	677777777413731	4	EAI1_SOM	FXX(1) GNB(3)
342	677777777413771	8	EAI5	BEL(1) DEU(1) DNK(1) GBR(2) NLD(1) USA(2)
1683	677777777660771	3	T1	BRA(1) RUS(1) USA (1)
699	677777777720571	4	H3	NLD(2) SWE(1) USA(1)
180	677777777720771	23	H3	AUT(3) CAF(6) CIV(1) CZE(2) ESP(4) MYS(1) NLD(1) POL(1) RUS(1) SWE(1) USA (1) VNM(1)
1579	677777777740771	2	U	DEU(1) POL(1)
1572	677777777760730	2	T2	USA(2)
1332	677777777760731	6	T2	BRA(1) DEU(1) FIN(1) MDG(2) ZAF(1)
196	677777777760771	35	T1	AUT(4) BRA(3) DZA(3) FXX(1) GEO(1) HTI(1) ITA(3) MDG(4) NLD(3) RUS(1) SWE(2) TUR(3) USA(3) VEN(2) ZAF(1)
1729	700000004177771	2	U	DNK(1) ETH(1)
343	700000007175771	5	U	ETH(2) GBR(2) USA (1)
910	700000007177771	5	U	ETH(2) USA (3)
1400	700000007413371	7	EAI5	BGD(7)
536	700000377776671	3	AFRI	GNB(1) USA (2)
1555	700001403760371	2	U	POL(2)
1642	700017777760771	2	T1	FXX(2)
1756	700026777760771	2	X3	PRT(1) USA (1)
1150	700036776360771	3	X3	PER(1) USA (2)
1617	700036776760771	2	X3	ESP(1) USA(1)
546	700036777560771	8	X3	HND(3) USA(5)
901	700036777740031	3	U	USA (3)
484	700036777740171	2	U	USA (1) USA (1)
547	700036777760031	2	U	USA (2)
1119	700036777760471	3	X3	AUT(1) USA (2)
197	700036777760731	244	X3	GBR(1) IND(3) USA(7) USA (229) USA (4)
91	700036777760771	143	X3	ARG(3) BRA(1) CAN(8) DNK(5) ESP(2) GBR(6) GLP(1) GUF(5) HTI(29) NLD(2) PER(1) USA (79) VEN(1)
1569	700037000020700	2	H3	USA(2)
1526	700037177760771	2	T1	GUF(2)
950	700037607760771	7	LAM9	AUS(1) USA (6)
1871	700037750060771	7	T5	USA(7)
1753	700037777760771	2	T1	FXX(1) PRT(1)
198	700040777760771	28	T1	USA (28)
1315	700066777760671	2	X3	FXX(1) IND(1)
1751	700066777760771	3	X3	AUS(1) PRT(2)
548	700076700000071	6	U	RUS(1) USA(5)
549	700076757760771	3	X3	USA (3)
199	700076760000011	15	U	MEX(2) USA(13)
425	700076774160771	3	X3	USA (3)
1218	700076777740771	2	U	GBR(1) USA(1)
70	700076777760671	72	X3	GBR(2) GLP(2) GUF(6) HTI(8) MEX(3) PHL(2) USA(49)
200	700076777760700	27	X3	AUS(1) CIV(1) GBR(5) IND(1) MEX(1) MWI(2) NOR(1) USA(15)
1273	700076777760731	4	X3	NZL(2) USA(2)
1157	700076777760770	3	X3	USA(3)
92	700076777760771	123	X3	ARG(1) AUS(2) AUT(1) BRA(3) CUB(2) DNK(4) GBR(14) GNB(1) GUF(6) MEX(2) MWI(1) NLD(8) NOR(1) NZL(2) USA(60) ZAF(14) ZWE(1)
344	700077777760771	7	T1	GBR(2) GUF(1) PRT(4)
1320	700177740003771	2	CAS	IND(2)
201	700377000003771	2	CAS	USA (2)
601	700377400000771	2	CAS	AUT(1) IRN(1)
426	700377600003771	2	CAS	USA (2)
1151	700377740001771	3	CAS	GBR(1) USA (2)
1591	700377740003371	2	CAS2	DEU(1) IND(1)
288	700377740003771	40	CAS2	AUS(1) BGD(2) DEU(2) GBR(1) IND(8) IRN(1) NLD(5) USA(20)
587	700740007774671	8	AFRI	BGD(3) DNK(1) FXX(1) GBR(1) NLD(1) USA (1)
700	700741007764671	4	AFRI	NLD(4)
701	700741007774671	3	AFRI	NLD(2) SAU(1)
1521	700774007403771	2	U	MDG(2)
1062	700774007413771	3	EAI5	GUF(1) MDG(1) MOZ(1)
702	700775747413771	15	EAI5	CUB(2) GUF(1) MWI(12)
1266	700777740003771	2	CAS	USA(2)
1473	700777746013771	4	MANU1	FXX(1) MWI(3)
1524	700777747403771	3	U	MDG(3)
129	700777747413771	11	EAI5	DEU(1) GUF(2) MDG(1) MOZ(1) MWI(4) ZWE(2)
202	701776777760601	3	X2	USA (3)
1551	701777740003771	3	CAS	AUT(1) SWE(1) USA(1)
1368	701777747770371	2	U	MYS(2)
140	702777740003171	2	CAS1_DELHI	FXX(2)
1092	702777740003771	6	CAS1_DELHI	IND(2) ITA(1) USA (1) ZAF(2)
703	703177400001771	4	KILI	NLD(2) SWE(2)
1765	703337400001771	5	CAS1_KILI	KEN(1) UGA(1) USA(2) ZMB(1)
1675	703367400001771	3	CAS1_KILI	FXX(1) MDG(2)
21	703377400001771	145	CAS1_KILI	AUT(1) BEL(1) COM(3) DNK(2) FIN(2) FXX(6) GBR(9) ITA(1) KEN(17) MDG(37) MOZ(1) MUS(1) MWI(3) NLD(12) SDN(1) SWE(3) TZA(1) USA(18)n ZAF(1) ZMB(22) ZWE(3)
1677	703377400203771	2	U	MDG(2)
1314	703377740003171	3	CAS1_DELHI	IND(3)
873	703400000000000	3	CAS	NLD(1) USA (2)
1327	703637740003771	2	CAS1_DELHI	IND(1) PAK(1)
954	703677740003771	3	CAS1_DELHI	GBR(1) USA (2)
427	703707740003771	6	CAS1_DELHI	DEU(1) IND(1) USA (4)
1198	703737740003171	6	CAS1_DELHI	DEU(1) GBR(1) SAU(1) SDN(3)
1437	703737740003731	2	CAS1_DELHI	BGD(2)
1343	703737740003771	4	CAS1_DELHI	BEL(1) NLD(1) USA(2)
864	703740000000760	9	CAS	IND(1) NLD(1) SUR(1) USA(6)
1405	703743740003771	2	CAS1_DELHI	BGD(2)
794	703757740003771	3	CAS1_DELHI	GBR(1) PAK(1) USA(1)
1120	703760000000331	3	CAS	AUT(1) DEU(1) PAK(1)
309	703767740003171	2	CAS1_DELHI	CAF(2)
141	703767740003771	10	CAS1_DELHI	FXX(3) IND(4) NLD(1) USA (2)
1777	703776000000011	2	CAS1_DELHI	BEL(2)
1882	703776600003771	2	CAS1_DELHI	SAU(1) USA(1)
1422	703777000000771	2	CAS	BGD(2)
1590	703777340003771	2	CAS1_DELHI	DEU(1) PAK(1)
598	703777400000371	3	CAS	IRN(3)
599	703777400000771	5	CAS	AUT(2) BEL(1) IRN(2)
22	703777400001771	24	CAS	BGD(2) EGY(1) FIN(2) FXX(1) GBR(1) IRN(5) NLD(2) SAU(7) ZMB(3)
1357	703777400003031	2	CAS	ITA(2)
600	703777400003171	5	CAS	IRN(5)
485	703777400003771	14	CAS	AUT(1) IRN(7) USA (6)
1344	703777440003771	2	CAS1_DELHI	IND(1) NLD(1)
356	703777600001771	6	CAS	GBR(2) SAU(1) SDN(2) USA (1)
1093	703777600003771	5	CAS	GBR(1) IND(2) SAU(1) USA(1)
1203	703777640003171	2	CAS1_DELHI	AUT(1) LBY(1)
1346	703777640003770	15	CAS1_DELHI	ITA(15)
1345	703777700000371	6	CAS	BGD(1) NLD(1) SWE(1) USA (3)
142	703777700003771	13	CAS	BGD(1) DEU(1) FXX(2) GBR(1) IND(1) NLD(1) SAU(1) SDN(1) SWE(1) USA(3)
1887	703777707770371	4	U	SAU(4)
1264	703777740000000	3	CAS	USA(3)
1789	703777740000171	4	CAS1_DELHI	BEL(1) PAK(1) SAU(1) USA(1)
486	703777740000371	11	CAS	AUT(1) IRN(3) PAK(1) SAU(2) USA (4)
876	703777740000731	5	CAS	IND(2) NLD(2) USA (1)
357	703777740000771	30	CAS	BEL(2) BGD(11) DNK(1) GBR(2) IND(2) IRN(2) NLD(2) SAU(2) SWE(3) USA (3)
1199	703777740001171	3	CAS	SDN(1) USA (2)
23	703777740001471	3	CAS	GBR(3)
203	703777740001771	8	CAS	FXX(1) SAU(1) USA (6)
1787	703777740002171	2	CAS1_DELHI	BEL(1) SDN(1)
1091	703777740002771	6	CAS1_DELHI	IND(2) PAK(1) USA(3)
24	703777740003031	6	CAS1_DELHI	GBR(1) NLD(2) SDN(2) SWE(1)
381	703777740003071	9	CAS1_DELHI	AUT(1) BGD(1) GBR(1) IND(2) NLD(2) PAK(1) USA(1)
704	703777740003111	2	CAS1_DELHI	IRN(1) NLD(1)
1312	703777740003131	2	CAS1_DELHI	IND(1) SWE(1)
25	703777740003171	128	CAS1_DELHI	AUS(2) AUT(1) BEL(1) BGD(4) CAF(1) CZE(2) EGY(2) EST(1) ETH(1) FXX(5) GBR(10) GEO(1) IDN(2) IND(1) IRN(5) ITA(3) LBY(9) MUS(1) NLD(13) PAK(2) SAU(4) SDN(14) SEN(1) SWE(5) USA(35) ZAF(1) ZWE(1)
428	703777740003371	8	CAS1_DELHI	IND(2) PAK(1) USA (5)
247	703777740003471	4	CAS1_DELHI	FXX(1) SAU(1) USA (2)
289	703777740003571	5	CAS1_DELHI	AUS(1) IND(1) NLD(2) USA (1)
1878	703777740003600	2	CAS1_DELHI	USA(2)
1401	703777740003671	4	CAS1_DELHI	BGD(3) GBR(1)
429	703777740003731	9	CAS1_DELHI	GBR(1) IND(1) SDN(1) USA(6)
1883	703777740003760	2	CAS1_DELHI	SAU(2)
26	703777740003771	404	CAS1_DELHI	AUS(9) AUT(9) BEL(4) BGD(54) COM(1) DEU(6) DNK(1) FIN(1) FXX(7) GBR(15) GEO(1) GLP(1) IND(48) IRN(7) ITA(7) KEN(9) MUS(2) MYS(4) NLD(37) NZL(2) PAK(26) PRT(2) SAU(2) SDN(3) SWE(10) USA(135) ZAF(1)
1197	703777740203171	21	U	NOR(21)
588	703777744003771	2	U	FXX(2)
27	703777747770371	11	U(CAS_ANCESTOR?)	AUS(1) DEU(2) GBR(3) KEN(1) PAK(1) SAU(1) USA(2)
1200	703777747777771	3	U	SDN(1) USA (2)
1429	703777750003771	3	U	BGD(3)
1920	703777770001771	15	U	ITA(15)
1560	703777777760771	2	T1	FXX(1) POL(1)
430	704003347760471	9	T4_CEU1	USA (7) VEN(2)
1696	707737607760771	5	LAM5	VEN(5)
1809	707777347740471	2	U	AUT(2)
1258	707777347760471	42	T4_CEU1	CAN(41) DEU(1)
1902	707777774413731	4	EAI4_VNM	VNM(4)
1597	707777777760771	5	T1	IDN(1) RUS(2) USA (2)
363	716377777760771	7	S	AUT(3) EGY(2) FXX(1) ITAS(1)
705	717377777760771	2	T1	NLD(2)
550	717777477413731	2	EAI1_SOM	USA (2)
1706	717777607760771	3	LAM9	CZE(1) USA (1) VEN(1)
1419	717777700003371	3	U	BGD(3)
1725	717777757413771	2	EAI6_BGD1	MYS(2)
1747	717777757760771	2	T5	DEU(1) USA(1)
431	717777774020771	3	H1	USA (3)
1316	717777777413731	2	EAI1_SOM	IND(1) NLD(1)
1121	717777777760611	34	T1	AUT(34)
358	717777777760771	11	T1	BGD(6) FIN(1) GBR(2) ITA(1) MTQ(1)
1650	720001400000771	2	U	MOZ(2)
1653	730000000000171	2	U	IDN(2)
706	730177577760771	2	T1	NLD(2)
432	735777777760731	3	T2	USA (3)
1476	736177607700171	6	U	ARG(2) PER(2) USA(2)
707	736377777760771	4	S	ARG(2) IDN(1) NLD(1)
1877	737377777760771	2	T1	USA(2)
805	737417606060731	2	LAM11_ZWE	ZWE(2)
1693	737737607760771	3	LAM5	FXX(1) VEN(2)
1621	737737777760731	2	T2-T3	ESP(1) USA(1)
708	737776777760771	7	X1	AUT(1) DZA(1) NLD(4) RUS(1)
1219	737777423560771	4	T1	MEX(4)
709	737777607760700	2	LAM9	NLD(2)
388	737777607760771	15	LAM9	BRA(2) DZA(8) JPN(2) PRT(1) RUS(1) VEN(1)
710	737777700000031	4	U	NLD(4)
1279	737777757760771	4	T5	CZE(2) USA(2)
261	737777773760771	2	T1	RUS(2)
531	737777774020771	4	H1	CZE(2) GNB(1) USA (1)
1903	737777774413771	2	EAI4_VNM	VNM(2)
28	737777777413371	5	EAI5	MYS(1) NLD(4)
711	737777777413731	7	EAI1_SOM	DNK(2) FIN(1) GBR(1) NLD(2) USA (1)
204	737777777413771	10	EAI5	FXX(1) THA(1) USA (7) VNM(1)
1207	737777777700771	2	U	ITAS(2)
871	737777777720771	12	H3	ARG(2) ARM(1) FIN(1) ITA(1) USA (7)
551	737777777760610	2	T1	USA (2)
848	737777777760731	10	T2	CMR(4) DEU(1) FIN(1) GBR(1) LBY(1) USA(2)
205	737777777760771	15	T1	AUS(1) BRA(2) DEU(1) FXX(1) GBR(1) HTI(1) KEN(1) MYS(1) USA (4) VEN(1) VNM(1)
1593	740000000020771	2	H3	DEU(1) POL(1)
487	740000004020771	10	H3	AUT(1) CZE(5) DEU(1) USA (3)
1491	740000007760731	4	T2	GBR(1) MYS(3)
552	740076777760601	2	X2	USA (2)
1876	740077777777671	2	AFRI	USA(2)
1086	740737607760731	3	LAM4-LAM5	MTQ(3)
936	740737677760731	2	T2-T3	MTQ(2)
206	740777607760771	7	LAM9	BEL(1) USA(6)
909	740777676000011	14	U	CAN(9) USA (5)
1843	740777777760731	2	T2	ARG(2)
1284	741703777760771	4	T1	BEL(2) GUF(1) USA(1)
1146	741737607560771	3	T3-OSA	CUB(2) USA (1)
553	741737777760731	2	T2-T3	USA (2)
627	741737777760771	11	T3-OSA	FIN(1) IND(1) JPN(8) USA (1)
890	741774047560771	7	T1	USA (7)
391	743777607760731	2	LAM4	BRA(2)
1639	743777607760771	2	LAM9	CIV(1) FXX(1)
77	743777777760771	11	T1	GLP(1) GUF(4) HTI(4) USA (2)
1894	747777607760771	2	LAM9	BRA(2)
712	747777777760731	2	T2	NLD(2)
1566	747777777760771	2	T1	CUB(1) POL(1)
1700	753777776760771	3	T1	VEN(3)
1925	754100777677761	2	U	ITA(2)
1220	754377607760700	2	LAM9	USA(2)
143	757400004020771	5	H1	DZA(1) FXX(2) NLD(2)
1649	757677777413731	2	EAI1_SOM	MOZ(1) ZAF(1)
554	757700777760771	5	T1	USA (5)
1361	757737777760731	3	T2-T3	ITA(2) ITAS(1)
1813	757767774020771	2	H1	AUT(1) FXX(1)
1865	757767777413631	3	EAI5	USA(3)
1221	757767777760771	2	T1	FXX(1) MEX(1)
555	757776777760571	2	X1	USA (2)
1270	757776777760601	2	X2	USA(2)
1061	757776777760771	2	X1	MDG(1) USA (1)
1757	757777600000000	2	U	PRT(2)
1466	757777606060771	6	LAM11_ZWE	MWI(5) ZWE(1)
822	757777607760771	4	LAM9	BRA(2) GLP(1) USA (1)
1584	757777630760771	2	T1	DEU(1) USA(1)
1514	757777637760771	6	U	MDG(4) USA(2)
1430	757777700003371	2	U	BGD(2)
1771	757777744020771	3	H1	HUN(3)
889	757777757413771	3	EAI6_BGD1	IND(1) USA (2)
1370	757777757760771	2	T5	MYS(2)
400	757777774020731	2	H1	AUT(1) VEN(1)
382	757777774020771	8	H1	AUT(3) EST(1) FXX(1) POL(1) USA (2)
1928	757777776000771	3	U	ITA(2) POL(1)
364	757777776760771	3	T1	AUT(3)
433	757777777320771	16	H3	BEL(1) ESP(1) USA (14)
806	757777777413731	8	EAI1_SOM	MOZ(2) NOR(2) USA(2) ZWE(2)
1923	757777777700771	2	U	ITA(1) USA (1)
99	757777777720771	31	H3	ARG(1) AUT(3) BRA(1) CZE(2) DEU(1) DZA(1) FIN(1) IND(1) ITA(2) JPN(1) MDG(6) NLD(3) ROM(1) USA (7)
1631	757777777760571	2	T1	USA(2)
833	757777777760700	2	T1	FXX(2)
153	757777777760731	44	T2	AUT(1) BRA(4) CUB(5) ETH(1) FIN(4) ITA(20) NLD(1) SWE(2) USA (6)
154	757777777760771	41	T1	ARG(3) AUS(1) AUT(12) DEU(3) ESP(1) FIN(1) FXX(2) HUN(1) ITA(9) NLD(1) RUS(1) USA (6)
1574	760000007760771	4	T1	MEX(1) USA(3)
29	760001400000171	29	U (likely LAM)	ESP(1) FXX(6) GLP(5) PRT(1) USA (16)
847	760001743760771	4	LAM10_CAM	CMR(4)
1248	760003777760771	3	T1	RUS(3)
1824	760377777760701	4	T1	ARG(2) BRA(1) PYF(1)
1766	760777607760771	2	LAM9	KEN(1) USA (1)
488	760777774020771	5	H1	FXX(1) ITA(1) USA (3)
434	760777777740371	5	U	USA (5)
846	760777777760731	3	T2	CMR(2) USA(1)
845	761767743760731	2	LAM10_CAM	CMR(2)
844	761777743760731	2	LAM10_CAM	CMR(2)
915	761777777720731	2	H3	FIN(2)
1622	761777777760731	2	T2	AUT(1) USA(1)
945	763743777413771	2	EAI5	THA(2)
1610	763777607560771	2	LAM6	USA(2)
435	763777607760771	4	LAM9	USA (4)
248	763777774413771	4	EAI4_VNM	USA (2) VNM(2)
1180	763777777413700	2	EAI5	SWE(1) USA (1)
792	763777777413771	2	EAI5	FXX(1) USA (1)
713	763777777760771	6	T1	DNK(1) NLD(2) NZL(3)
1931	767000007720731	2	H3	ITA(2)
1716	767737675560771	2	T3	VEN(2)
489	767776777760601	3	X2	AUS(1) USA (2
490	767776777760771	4	X1	GBR(1) USA(3)
1371	767777606760771	2	LAM8	MYS(2)
80	767777744020771	8	H1	CUB(8)
1743	767777777720631	4	H3	BEL(2) ITA(1) NLD(1)
207	767777777720771	12	H3	AUT(2) MTQ(1) USA(9)
1578	767777777760731	2	T2	AUT(1) DEU(1)
1122	767777777760771	15	T1	ARG(1) AUT(8) BEL(2) CZE(1) FXX(1) USA (2)
144	770000003760771	10	T1	DEU(1) FXX(4) GBR(1) NLD(1) PRT(1) USA (2)
1785	770000004760771	7	T1	BEL(7)
918	770000607760771	8	T1_RUS2-LAM9	EST(4) FIN(1) ITA(1) SWE(2)
1103	770000757760771	2	T1_RUS2	USA(2)
877	770000770000000	4	U	FIN(1) NLD(1) USA (2)
1123	770000777740171	5	T5-RUS2	AUS(1) AUT(1) BEL(1) USA(2)
1173	770000777760731	5	T1_RUS2	DEU(1) EST(1) FIN(1) RUS(1) SWE(1)
280	770000777760771	46	T1_RUS2	AUS(4) AUT(3) DEU(3) EST(1) FIN(7) GEO(1) LVA(1) POL(4) RUS(5) SWE(1) TUR(2) USA (14)
320	770003606377071	4	AFRI	CMR(2) USA(2)
1124	770003777720771	5	H3	AUT(5)
145	770007000003071	3	AFRI	FXX(3)
807	770077606060731	3	LAM11_ZWE	ZWE(3)
1222	770177607760771	2	LAM9	IDN(1) USA(1)
1256	770177774020771	2	H1	RUS(1) USA (1)
436	770376777760601	11	X2	USA (11)
715	770477777777671	3	AFRI_1	CMR(1) NLD(2)
321	770737004177671	2	AFRI_1	CIV(2)
799	770767677777671	2	AFRI_1	SEN(2)
322	770767777737671	3	AFRI_1	MRT(2) SEN(1)
323	770767777767671	3	AFRI_1	FXX(1) SEN(2)
324	770767777777671	5	AFRI_1	FXX(3) SEN(2)
530	770777477775671	2	AFRI_1	GNB(2)
325	770777507777671	6	AFRI_1	FXX(2) ITA(1) USA(3)
1782	770777607777671	2	AFRI_1	BEL(1) GBR(1)
1867	770777707777651	2	AFRI_1	NLD(1) USA(1)
326	770777707777671	26	AFRI_1	BEL(2) DEU(2) FXX(4) GIN(1) GLP(1) GNB(2) ITA(2) MTQ(1) NLD(6) USA (5)
532	770777767777671	2	AFRI_1	GNB(2)
110	770777775720771	2	H3	FXX(2)
859	770777777747071	3	AFRI	CMR(2) USA(1)
187	770777777767671	39	AFRI_1	FXX(1) GBR(1) GIN(1) GNB(27) ITA(1) MDG(1) SEN(1) USA (6)
537	770777777777601	2	AFRI	GNB(2)
188	770777777777631	3	AFRI	GBR(1) GNB(2)
181	770777777777671	126	AFRI_1	?(1) BEL(1) DEU(3) DNK(1) FXX(6) GBR(3) GNB(72) GUF(1) ITA(7) NLD(9) SEN(7) SWE(1) USA (14)
1064	771777607760771	16	LAM9	BEL(4) DZA(4) FXX(2) MAR(6)
630	771777737760771	6	T1	FXX(1) GLP(1) HTI(2) USA (2)
1069	771777777760771	15	T1	AUT(7) ESP(1) FXX(1) MAR(5) PRT(1)
1759	772177606760771	3	LAM8	PRT(3)
1153	772700000003631	2	AFRI	NLD(1) USA (1)
716	772777400001671	2	AFRI	GBR(2)
556	773603774360771	3	T1	USA (3)
1461	773737677420771	2	H4	GEO(2)
1125	773737774020771	4	H1	AUT(4)
1458	773737777400771	2	U	GEO(2)
1745	773737777760771	3	T3	CZE(1) ITA(1) USA(1)
30	773776607760771	3	LAM9	GLP(2) USA(1)
491	773776777760601	2	X2	AUS(1) USA(1)
492	773777607760771	8	LAM9	GUF(1) HTI(2) ITA(1) NLD(2) USA (2)
872	773777623760771	3	T1	NLD(1) USA (2)
1434	773777740000171	3	U	BGD(3)
557	773777774020771	9	H1	USA (9)
1539	773777777720771	4	H3	ESP(3) MYS(1)
1383	773777777760731	2	T2	ARM(1) HTI(1)
926	773777777760771	8	T1	ARM(3) FIN(1) GUF(1) ITA(1) USA(1) VEN(1)
1379	773777777770771	3	CAS	ARM(3)
251	774000000760771	11	T1	FIN(1) MAR(2) NLD(1) RUS(6) USA (1)
931	774000007760771	2	T1	FIN(1) NLD(1)
146	774000077777031	2	AFRI	FXX(2)
800	774000370020771	3	H3	USA (2) VNM(1)
1454	774000677760371	2	U	GEO(2)
760	774037000020700	7	H3	ARG(1) AUT(1) DZA(3) FXX(1) ITA(1)
1067	774037707760700	8	T1	DZA(1) FXX(1) USA(1) ZAF(5)
1267	774037777760300	2	U	FXX(1) USA(1)
31	774037777760700	40	T1	AUS(1) AUT(1) CUB(1) CZE(13) FIN(1) FXX(6) GLP(2) GUF(3) ITA(4) MDG(3) MTQ(1) NLD(1) USA (3)
1348	774037777760701	2	T1	ITA(2)
327	774067606727071	3	AFRI_2	CMR(3)
328	774067606767071	9	AFRI_2	CMR(8) SEN(1)
329	774067607777071	5	AFRI_2	BEL(1) CIV(1) CMR(3)
858	774067770005071	3	AFRI_3	CMR(3)
857	774067770007071	2	AFRI_3	CMR(2)
761	774077007777071	3	AFRI_3	DEU(1) USA(2)
1592	774077602000031	2	U	DEU(1) FXX(1)
101	774077606767071	16	AFRI_2	CMR(8) FXX(4) GLP(2) USA (2)
330	774077607777031	3	AFRI	BEL(1) CAF(1) CMR(1)
331	774077607777071	18	AFRI_2	BFA(1) CIV(3) CMR(3) NGA(1) NLD(1) USA (9)
1465	774077770001071	4	AFRI_3	BEL(2) COD(2)
856	774077770005071	4	AFRI_3	CMR(4)
208	774077774413771	2	EAI4_VNM	USA (2)
437	774077777775071	4	AFRI_3	CMR(1) SLE(1) USA (2)
438	774077777777071	5	AFRI_3	NGA(2) SLE(1) USA (2)
1538	774137600020771	4	H3	BEL(1) ESP(2) NLD(1)
1294	774177407760771	2	T1	USA (1) ZAF(1)
493	774177777413731	5	EAI1_SOM	MYS(1) NLD(3) USA (1)
951	774177777413771	18	EAI5	AUS(1) DNK(1) MYS(9) NZL(2) THA(4) USA (1)
717	774177777760771	3	T1	CUB(1) FXX(1) NLD(1)
1528	774377607760771	2	LAM9	BRA(1) SWE(1)
1455	774377677420771	3	H4	GEO(3)
1428	774707777413731	3	EAI1_SOM	BGD(3)
922	774747377420771	2	H4	FIN(2)
1480	774776000420771	4	H4	RUS(4)
1568	774777377420771	2	H4	RUS(1) USA(1)
147	774777616000371	3	U	FXX(3)
1452	774777677420771	5	H4	GEO(5)
148	774777716000371	2	U	FXX(2)
1174	774777757420771	2	H4	EST(2)
1381	774777775410771	6	CAS	ARM(6)
1380	774777777410771	2	CAS	ARM(2)
1435	774777777413731	4	EAI1_SOM	BGD(4)
1175	774777777420371	4	U	EST(4)
762	774777777420731	2	H4	NLD(1) RUS(1)
262	774777777420771	88	H4	ARM(2) AUT(12) AZE(1) BEL(1) CZE(1) EST(3) FIN(8) FXX(1) GEO(5) ITA(11) KAZ(3) LVA(1) NLD(2) POL(3) RUS(24) SWE(1) TUR(3) USA (6)
1481	774777777423771	2	MANU2	RUS(2)
801	774777777760771	3	T1	DEU(1) USA (1) ZWE(1)
1407	775377777413771	2	EAI5	BGD(2)
1126	775677757760771	2	T5	AUT(1) GBR(1)
266	775740003760771	14	T1	DZA(1) LVA(1) RUS(10) USA (2)
1482	775740003763771	3	MANU2	LVA(1) RUS(2)
1697	775767607760671	2	LAM9	FXX(1) VEN(1)
1912	775767757760771	2	T5	ARG(1) MTQ(1)
1829	775767777760671	2	T1	ARG(1) FXX(1)
904	775775757760771	6	T5	USA (6)
259	775777377760771	4	T1	GLP(2) MTQ(2)
1553	775777401760771	2	T1	AUT(2)
1549	775777606060731	4	LAM11_ZWE	BDI(1) BEL(3)
68	775777757760771	50	T5	ARG(26) AUT(4) BRB(1) CZE(5) DEU(3) FXX(1) GBR(1) IND(1) ITA(2) MTQ(1) NLD(2) SWE(2) USA (1)
1742	775777774020771	2	H1	FXX(1) ITA(1)
939	775777777413771	2	EAI5	THA(2)
1556	775777777660771	2	T1	AUT(1) POL(1)
935	775777777720771	5	H3	FIN(2) USA(3)
1909	775777777760700	3	T1	BRA(2) VEN(1)
966	775777777760771	6	T1	ARG(1) EST(1) FXX(2) MUS(1) NLD(1)
1684	776000000000000	2	U	BRA(1) FXX(1)
271	776000000000111	2	U	NLD(2)
32	776000000000171	65	U (likely S)	BEL(31) BRA(1) DEU(1) FXX(1) GUF(2) IDN(10) ITA(3) MYS(2) NLD(7) NZL(2) SWE(1) USA (2) ZMB(2)
718	776000000000771	2	U	CUB(1) IDN(1)
823	776000003760771	10	T1	BRA(2) DEU(1) FIN(1) ITA(1) ITAS(1) USA(4)
1099	776000017760471	3	T1	USA(3)
1589	776017404760771	2	LAM7_TUR	DEU(1) NLD(1)
209	776017607760771	23	LAM12_MAD1	BEL(2) CUB(3) ESP(10) FXX(5) ITA(1) USA(2)
170	776017777760400	2	T1	FXX(2)
171	776017777760771	2	T1	FXX(2)
210	776037777760771	104	T1	USA(104)
1685	776077607760771	2	LAM9	BRA(1) ZAF(1)
1223	776077777760771	3	T1	MDG(1) USA(1) USA (1)
902	776137607760631	3	LAM3-LAM5	USA (3)
1537	776137607760731	2	LAM3	ESP(1) ITAS(1)
211	776137607760771	50	LAM3	ARG(1) AUS(1) ESP(1) FXX(2) MDG(1) MEX(12) PRT(3) USA(28) ZAF(1)
155	776157777760771	2	T1	ITA(2)
105	776160000000071	24	U (LAM3?)	BRA(1) DZA(1) ESP(5) FXX(2) NLD(1) USA (14)
589	776161000000071	2	U	ESP(1) FXX(1)
1295	776163607760771	4	LAM3	ARG(2) ZAF(2)
111	776167607760771	15	LAM3	ARG(6) BRA(2) FXX(4) PRT(1) USA (2)
1331	776175407760771	2	T1	ZAF(2)
1830	776177207760771	3	LAM3	ARG(1) CUB(1) ITA(1)
106	776177400000171	43	U (LAM3?)	ARG(5) AUS(1) BEL(1) BRA(3) DZA(3) ESP(6) FXX(3) REU(1) USA(18) VEN(2)
719	776177407760771	11	T1	ARG(1) NLD(1) USA(2) ZAF(7)
1624	776177607560771	2	LAM3-LAM6	USA(2)
1841	776177607740771	2	U	ARG(1) ZAF(1)
720	776177607760371	4	U	ARG(4)
1335	776177607760400	2	LAM3	ZAF(2)
1224	776177607760700	2	LAM3	USA(2)
130	776177607760731	34	LAM3	AUT(1) BRA(1) CHL(1) CUB(1) ESP(1) ITA(4) MDG(1) USA (21) ZAF(3)
33	776177607760771	342	LAM3	ARG(60) AUT(5) BEL(6) BRA(17) CHL(1) CUB(15) ESP(18) FIN(1) FXX(27) GBR(3) GUF(3) HND(1) HTI(1) ITA(13) ITAS(5) LBY(2) MDG(3) MEX(1) MOZ(2) NLD(5) PER(2) PRT(7) SWE(1) USA(89) VEN(4) ZAF(50)
1453	776177637763771	3	MANU2	GEO(3)
608	776177770000000	7	U	BEL(2) DEU(2) FXX(1) TUR(1) USA(1)
1672	776177775760771	2	T1	MDG(2)
156	776177777760771	33	T1	AUT(1) BRA(2) ESP(1) ITA(4) MDG(22) USA(3)
1840	776327777760771	3	S	ARG(2) BEL(1)
1068	776337377760771	4	S	MAR(4)
827	776337770760771	4	S	ARG(1) BRA(2) ITA(1)
88	776337777760731	3	S	CUB(1) DZA(1) GUF(1)
71	776337777760771	33	S	ARG(1) CAN(2) CUB(5) FXX(4) IND(1) ITA(9) ITAS(3) NLD(1) USA(2) VEN(2) ZAF(3)
1052	776367377760771	2	S	EGY(1) FXX(1)
831	776367777760771	6	S	FXX(1) GLP(1) ITAS(1) MYS(1) PRT(1) ZAF(1)
1874	776370001760331	2	U	USA(1) ZAF(1)
1334	776370001760731	3	S	USA(1) ZAF(2)
1333	776370001760771	2	S	ZAF(2)
1296	776371777760771	2	S	NLD(1) ZAF(1)
1577	776376003760771	3	S	ARG(1) DEU(1) FXX(1)
466	776377377760771	15	S	BEL(1) DEU(1) DZA(9) FXX(1) MDG(1) NLD(1) TUR(1)
401	776377403760771	5	S	AUS(1) BRA(4)
1127	776377577760771	8	S	AUT(3) CAN(3) ITA(1) USA (1)
1728	776377603760771	2	S	DNK(2)
1536	776377607760771	2	S	BRA(1) ESP(1)
1351	776377677700771	3	U	ITA(3)
1271	776377677760771	3	S	USA(2) VEN(1)
1225	776377700160771	2	S	MEX(2)
1727	776377703760771	2	S	DNK(1) GRL(1)
1128	776377730360771	4	S	AUT(4)
1915	776377737760771	2	S	ITA(1) MTQ(1)
1783	776377743760771	3	LAM10_CAM-S	BEL(2) NLD(1)
1776	776377760000171	2	U	BEL(2)
295	776377763760771	12	S	GLP(1) HTI(5) USA (6)
881	776377770000731	4	U	USA(3) VEN(1)
558	776377770760731	2	S	USA (2)
559	776377770760771	4	S	USA(4)
1772	776377774020071	2	U	FXX(1) HUN(1)
383	776377774020771	9	H1-S	AUT(2) BRA(1) DEU(1) FIN(3) ITA(2)
55	776377775540771	2	U (likely S)	FXX(2)
212	776377776760771	11	S	AUT(1) CAN(7) USA(3)
1245	776377777400071	3	U	CAN(2) USA(1)
1242	776377777420771	8	H4-S	ITA(6) USA (2)
1063	776377777660771	23	S	DEU(1) DZA(22)
1918	776377777700771	3	U	ITA(3)
1244	776377777720731	2	S	CAN(2)
914	776377777720771	35	H3-S	CAN(22) FIN(7) HTI(1) ITA(2) USA (2) VEN(1)
790	776377777740771	4	U	AUS(1) SWE(1) USA(1) ZAF(1)
721	776377777760371	5	U	DNK(1) NLD(2) USA (1) ZAF(1)
874	776377777760431	2	S	USA (2)
494	776377777760711	3	S	ITAS(1) USA (2)
784	776377777760731	23	T2-S	BRA(2) CAN(14) CUB(1) FXX(1) USA (3) ZAF(2)
1356	776377777760751	7	S	BRA(1) ITA(5) MEX(1)
1938	776377777760770	3	S	IDN(1) TUR(2)
34	776377777760771	362	S	ARG(6) AUS(2) AUT(16) BEL(1) BRA(7) CAN(75) CUB(1) DEU(3) DZA(6) EGY(5) FIN(2) FXX(13) GBR(2) GEO(3) GLP(2) GUF(5) HTI(7) IDN(3) IND(1) ITA(37) ITAS(10) KEN(3) LBY(2) MAR(1) MDG(3) MEX(1) MOZ(2) MWI(1) NLD(3) NZL(2) PRT(8) REU(1) SAU(3) SWE(3) THA(1) USA(92) VEN(8) VNM(2) ZAF(19)
1779	776477777760771	11	T1	BEL(11)
332	776707777737071	5	AFRI	CMR(5)
495	776760003760771	5	T1	AZE(2) RUS(2) USA (1)
213	776777607760731	9	LAM4	ITAS(2) MYS(1) USA(6)
1708	776777607760771	2	LAM9	LVA(1) VEN(1)
1611	776777777720771	3	H3	FXX(1) USA(2)
1265	776777777760731	3	T2	ITA(1) USA(2)
1129	776777777760771	8	T1	AUT(3) FXX(1) USA(4)
560	777000000000371	5	U	GEO(1) RUS(3) USA (1)
365	777000003760771	7	T1	AUT(6) RUS(1)
345	777000377760731	10	T3_ETH	FIN(1) GBR(4) KEN(2) NOR(1) USA (2)
149	777000377760771	208	T3_ETH	AUT(1) BEL(1) DEU(1) DNK(57) ETH(79) FIN(1) FXX(9) GBR(13) ITA(2) LBY(1) NLD(16) NOR(2) SWE(6) USA(19)
582	777002777760731	2	X1	FXX(2)
1276	777017777420771	5	H4	LVA(1) RUS(2) USA(2)
1350	777017777700000	2	U	ITA(2)
1326	777037777413700	2	EAI5	IND(1) PAK(1)
1627	777137777760731	2	T2-T3	USA(1) ZAF(1)
843	777177777720771	4	H3	AUT(1) CMR(1) MEX(1) POL(1)
613	777177777760771	8	T1	AUT(3) FXX(1) ITA(1) SWE(1) USA(2)
1701	777317607760771	3	LAM9	VEN(3)
1839	777327607760770	2	LAM5	ARG(2)
1699	777347607760671	2	LAM9	VEN(2)
1821	777347777760771	2	T1	ARG(1) NOR(1)
1475	777357777760771	4	T1	ARG(1) MWI(2) VEN(1)
1838	777367607760771	3	LAM9	ARG(2) BRA(1)
439	777376777760601	2	X2	USA (2)
953	777377577360771	2	T1	AUT(1) USA(1)
81	777377607760771	20	LAM9	ARG(1) BRA(1) CUB(16) ITA(1) ZWE(1)
346	777377700003531	2	U	GBR(2)
1412	777377757413271	3	EAI6_BGD1	BGD(3)
1464	777377770000771	2	U	GEO(2)
1130	777377777700000	9	U	AUT(8) BEL(1)
1243	777377777720771	3	H3	ARG(1) ITA(1) MYS(1)
1166	777377777760771	8	T1	MWI(1) USA (5) VEN(2)
1516	777377777761771	3	U	MDG(3)
1444	777400000060771	3	T1	BEL(3)
1594	777400007760771	2	T1	POL(2)
533	777400777720771	2	H3	GNB(2)
184	777417606060731	11	LAM11_ZWE	FXX(2) ZWE(9)
1608	777417607760700	2	LAM9	USA(2)
465	777417737700000	2	U	USA (2)
1358	777417760060771	3	T1	ITA(3)
1615	777417777760731	3	T2	USA(3)
496	777460007760771	6	T5_RUS1	GEO(1) RUS(4) USA (1)
252	777477607760771	39	LAM9	LVA(3) RUS(32) USA (4)
1288	777477607763771	4	MANU2	RUS(4)
1411	777477757413371	2	EAI6_BGD1	BGD(2)
1056	777477777760731	3	T2	CAF(1) CMR(1) USA(1)
561	777500003760771	4	T1	RUS(2) USA (2)
1281	777537777420771	3	H4	CZE(1) MNG(1) USA(1)
1535	777577607760771	6	LAM9	ARG(1) BEL(1) BRA(2) ESP(1) USA(1)
1513	777577757413771	2	EAI6_BGD1	MYS(2)
72	777577777003731	16	EAI undefined	GLP(1) GUF(7) USA (8)
1726	777577777413371	2	EAI5	DNK(1) USA (1)
1372	777577777413771	3	EAI5	MYS(1) USA (1) VNM(1)
366	777577777760471	10	T1	AUT(10)
917	777577777760771	7	T1	DNK(1) FIN(2) LVA(1) USA (3)
263	777600003760771	5	T1	FIN(1) RUS(4)
924	777600007413371	9	EAI5	COM(2) FIN(1) GUF(3) MUS(1) NLD(1) SWE(1)
609	777600774020771	3	H1	FXX(3)
622	777601774413771	5	EAI4_VNM	VNM(5)
802	777603000000011	2	ZERO	VNM(2)
133	777603405760430	2	T1	GLP(1) NLD(1)
136	777603405760471	30	T1	BEL(1) CAF(2) DZA(10) ESP(1) FXX(6) GBR(2) GUF(2) IDN(2) NLD(3) USA(1)
440	777607607760771	11	LAM9	GNB(1) USA(10)
1131	777617347760471	5	T4_CEU1	AUT(3) DEU(1) GLP(1)
273	777617607760771	4	LAM9	ITA(1) ITAS(2) VEN(1)
1214	777617777760771	11	T1	DEU(1) GUF(1) MDG(8) POL(1)
1226	777617777777771	4	U	USA(4)
920	777633777420771	2	H4	FIN(2)
1049	777637547013771	2	MANU1	GBR(2)
1456	777637677420771	5	H4	GEO(5)
538	777637777413731	2	EAI1_SOM	GNB(1) USA (1)
1609	777637777413771	3	EAI5	USA(2) VNM(1)
1448	777637777420731	3	H4	GEO(3)
1447	777637777420771	9	H4	GEO(8) USA (1)
1132	777637777720771	2	H3	AUT(1) GBR(1)
1073	777637777760771	2	T1	FXX(1) MAR(1)
1896	777637777770711	2	MANU3	BGD(2)
249	777640007760771	15	T1	AUS(1) MYS(1) NLD(1) NZL(2) USA (7) VNM(3)
404	777647000000011	2	ZERO	USA (2)
1654	777674077413671	2	EAI5	IDN(2)
868	777676777760771	3	X1	USA (3)
770	777677607760771	4	LAM9	ARG(1) ESP(1) FXX(1) ITAS(1)
1352	777677770000000	2	U	ITA(2)
1557	777677774020771	8	H1	POL(8)
1373	777677777413731	2	EAI1_SOM	MYS(1) USA (1)
497	777677777413771	4	EAI5	USA (1) VNM(3)
498	777677777760771	5	T1	AUT(1) CZE(1) DEU(1) GBR(1) USA (1)
1869	777700000000000	3	U	NOR(1) USA(2)
1492	777700000001131	2	U	MYS(2)
1083	777700000001731	6	U	IDN(1) MYS(2) USA (3)
499	777700000060771	3	T1	RUS(2) USA (1)
500	777700001760771	7	T1	FIN(1) POL(1) RUS(4) USA (1)
267	777700003760771	12	T1	BEL(1) DEU(2) GEO(4) LBY(2) RUS(2) USA (1)
722	777700007413731	2	EAI1_SOM	IDN(2)
1107	777700007760771	3	T1	FXX(1) ITA(1) PER(1)
723	777700074413771	2	EAI4_VNM	NLD(2)
441	777700277760771	2	T1	USA (2)
501	777700377760771	5	T1	CAN(2) GBR(1) USA (2)
1337	777700607760771	7	LAM9	GUF(6) RUS(1)
1190	777700776413771	8	EAI5	VNM(8)
763	777700777413700	5	EAI5	DNK(1) MYS(1) NLD(1) USA (2)
1347	777700777760771	8	T1	ITA(8)
724	777701002001731	3	U	MYS(2) NLD(1)
1916	777701777760771	5	T1	ITA(1) SEN(1) TUR(3)
1922	777702777760771	2	X1	ITA(1) USA (1)
1322	777703077760771	2	T1	IND(1) USA (1)
1835	777703377760731	4	T2	ARG(4)
1548	777703400000360	2	U	BEL(1) FXX(1)
1788	777703400000361	3	U	BEL(3)
1827	777703600020771	3	H3	ARG(3)
1659	777703700000000	4	U	BRA(4)
1167	777703737760771	3	T1	USA (3)
214	777703757760771	45	T5	USA(45)
215	777703777360771	5	T1	ESP(3) USA (2)
1705	777703777460771	2	T1	VEN(2)
102	777703777760771	46	T1	ARG(3) AUS(3) BRA(5) DEU(2) FXX(3) GLP(2) GUF(1) IDN(5) ITA(1) MAR(1) MEX(2) MUS(1) MYS(3) RUS(2) USA (11) ZAF(1)
1833	777705077560571	2	T1	ARG(2)
1826	777716777760771	2	X1	ARG(1) GBR(1)
1483	777717377760771	3	T1	RUS(2) USA (1)
216	777717607760771	9	LAM9	ARG(1) ITA(2) USA (5) VEN(1)
1065	777717743760771	2	LAM10_CAM	DZA(2)
925	777717777720771	5	H3	AUT(2) FIN(3)
875	777717777760731	4	T2	FIN(1) USA (3)
131	777717777760771	28	T1	ARG(1) ARM(1) AUT(1) FIN(2) FXX(1) GLP(1) GUF(9) ITA(1) MTQ(1) POL(1) TUN(1) USA (8)
1534	777721607560731	3	LAM5-LAM6	ESP(1) USA (2)
1655	777723777760771	14	T3	IDN(14)
1698	777727607700031	3	U	VEN(3)
333	777727607760771	10	LAM5	GLP(1) GUF(1) VEN(8)
502	777727737760771	2	T3	FXX(1) USA (1)
310	777727770020720	3	H3	CAF(3)
832	777727777760731	3	T2-T3	FXX(3)
1547	777727777760771	4	T3	DNK(1) EGY(1) IDN(1) POL(1)
1050	777730000000771	4	U	AZE(1) RUS(2) USA (1)
1072	777731607760771	3	LAM5	MAR(3)
896	777734077560771	3	T3	CUB(1) USA (2
1148	777734377760771	2	T3	USA(2)
1257	777736000000000	2	U	AUT(1) RUS(1)
385	777736377760571	3	T3	GUF(2) MTQ(1)
347	777736777760601	16	X2	GBR(2) GUF(1) ITAS(1) NZL(2) USA(8) ZAF(2)
348	777736777760671	7	X1	GBR(2) USA(1) ZAF(4)
1081	777736777760731	2	X1	IDN(1) USA (1)
217	777736777760771	15	X1	AUS(1) GBR(1) MEX(2) USA(11)
1641	777737177760771	2	T3	FXX(1) PAK(1)
1160	777737207760771	3	LAM5	USA (2) VEN(1)
1133	777737347760471	2	T4_CEU1	AUT(1) USA (1)
503	777737377760731	3	T2-T3	CZE(1) GLP(1) USA (1)
442	777737377760771	4	T3	USA (4)
1879	777737400413731	2	EAI1_SOM	IND(2)
367	777737404760771	5	LAM7_TUR	AUT(2) DNK(1) NLD(1) TUR(1)
1227	777737557760771	6	T5_MAD2	DEU(1) ESP(4) USA(1)
562	777737600000000	6	U	MEX(1) MYS(1) USA(4)
1471	777737606060771	7	LAM11_ZWE	MWI(5) ZMB(2)
1522	777737606063771	2	MANU2	MDG(2)
1709	777737606760771	2	LAM5-LAM8	USA (1) VEN(1)
1646	777737607020771	4	H3-LAM5	FXX(4)
885	777737607460771	2	LAM5	USA (2)
867	777737607560731	5	LAM5-LAM6	USA (5)
176	777737607560771	16	LAM5	BRA(1) CAF(1) GUF(2) USA (12)
605	777737607700031	20	U	USA (1) VEN(19)
579	777737607700171	2	U	USA (2)
443	777737607700771	41	U	BEL(3) BRA(1) USA (36) VEN(1)
606	777737607760000	4	U	FXX(1) VEN(3)
1710	777737607760731	3	LAM4	BRA(1) NLD(1) VEN(1)
725	777737607760770	8	LAM5	ARG(8)
93	777737607760771	188	LAM5	ARG(2) AUS(1) BRA(13) DEU(3) ESP(2) FXX(1) GLP(7) GUF(2) HTI(15) ITA(14) ITAS(1) NLD(1) USA(44) VEN(82)
504	777737737760771	7	T3	FXX(1) ITAS(1) USA (5)
726	777737747413771	7	EAI5	AUS(1) NLD(3) SWE(2) USA(1)
1165	777737757420771	3	H4	RUS(1) USA (2)
112	777737761760771	5	T3	FXX(5)
1927	777737764020771	2	H1	AUT(1) ITA(1)
56	777737770000000	13	U (likely T3)	BEL(1) FIN(3) FXX(7) GLP(1) USA(1)
563	777737770000071	5	U	FXX(1) USA (4)
1054	777737770020731	7	H3	CAF(5) FXX(1) USA (1)
727	777737774020731	5	H1	NLD(1) POL(1) USA (2) VEN(1)
218	777737774020771	14	H1	AUT(3) BEL(1) ESP(1) IDN(1) NLD(1) RUS(1) USA (5) ZWE(1)
564	777737774413771	10	EAI4_VNM	NOR(2) THA(1) USA (3) VNM(4)
617	777737776413771	2	EAI5	USA (1) VNM(1)
1191	777737776760731	2	T2-T3	VNM(2)
349	777737777413731	11	EAI1_SOM	BGD(1) GBR(2) USA (8)
618	777737777413771	6	EAI5	FXX(1) NLD(1) THA(1) USA (1) VNM(2)
1134	777737777420731	27	H4	ARM(2) AUT(1) GEO(5) RUS(18) USA (1)
35	777737777420771	74	H4	ARG(1) ARM(3) AUT(13) AZE(3) BEL(1) CHN(1) CZE(3) DEU(2) ESP(1) EST(2) FIN(4) GBR(2) GLP(1) IRN(2) JPN(2) KAZ(3) LVA(1) MEX(1) NLD(1) POL(2) RUS(18) USA (6) ZAF(1)
1291	777737777423771	3	MANU2	RUS(2) USA (1)
929	777737777620771	2	H3	FIN(1) GBR(1)
1135	777737777720731	3	H3	AUT(1) FXX(1) HUN(1)
36	777737777720771	43	H3-T3	ARG(1) AUS(3) AUT(4) BRA(1) CZE(2) DEU(5) FIN(2) FXX(3) GUF(1) ITA(2) LBY(4) MTQ(1) NLD(4) POL(1) SAU(1) TUN(1) USA (5) VEN(1) VNM(1)
728	777737777760431	2	T3	NLD(2)
157	777737777760471	7	T3	DEU(1) ITA(2) PRT(4)
158	777737777760601	3	T3	ITA(2) ZAF(1)
565	777737777760671	4	T3	MEX(1) USA (3)
505	777737777760700	10	T3	BRA(1) FXX(1) HTI(4) ITA(1) USA (3)
1426	777737777760711	2	T3	BGD(1) GBR(1)
73	777737777760731	114	T2-T3	AUS(1) AUT(5) BEL(3) BRA(4) EGY(7) FIN(1) FXX(9) GEO(3) GLP(1) GNB(1) GUF(6) HTI(1) IDN(4) ITA(22) MDG(3) MEX(1) MOZ(2) MTQ(1) NLD(2) PRT(3) SWE(1) USA(27) VEN(1) VNM(4) ZWE(1)
37	777737777760771	155	T3	AUS(2) AUT(12) BEL(3) BRA(3) CAN(5) CHN(2) CIV(1) CUB(5) CZE(8) DEU(4) DNK(17) DZA(1) EST(1) ETH(1) FIN(5) FXX(8) GBR(1) GEO(1) GLP(1) GUF(1) HTI(1) IDN(1) IRN(4) ITA(2) ITAS(1) LBY(1) LVA(1) MDG(3) NLD(11) NZL(2) PAK(1) POL(4) SAU(2) SWE(6) THA(1) TUR(1) USA(26) VEN(1) ZWE(4)
583	777737777763771	2	MANU2	FXX(2)
1570	777740000000000	3	U	IDN(1) MYS(1) USA(1)
1259	777740000160771	2	T1	RUS(1) USA (1)
444	777740001760771	23	T1	AUT(3) DEU(1) GEO(1) KAZ(1) RUS(1) USA(16)
264	777740003760771	40	T1	DEU(1) GEO(8) LVA(3) POL(6) RUS(17) USA (5)
1686	777740004020771	2	H1	AUT(1) BRA(1)
1136	777740004720771	7	H3	AUT(6) USA(1)
1161	777740007760531	2	T2	USA (2)
803	777740007760771	24	T1	ARM(2) BEL(1) CHN(1) EST(2) GEO(5) LVA(1) POL(1) RUS(7) SWE(1) USA (1) VNM(2)
1485	777740007763771	3	MANU2	RUS(3)
1137	777740015760771	4	T1	AUT(4)
1228	777740017760731	2	T2	AUS(1) MEX(1)
159	777740017760771	54	T1 (Tuscany variant)	ARG(10) AUS(1) AUT(8) DEU(1) EST(2) FXX(1) ITA(23) ITAS(3) LVA(1) MEX(1) USA (3)
1565	777740077760771	5	T1	AUT(3) POL(1) SWE(1)
1714	777740607760771	2	LAM9	VEN(2)
566	777740777760731	6	T2	USA (6)
219	777740777760771	30	T1	PER(2) USA(28)
379	777741017760771	15	T1	ARG(12) BRA(1) FXX(1) VEN(1)
959	777741777413731	2	EAI1_SOM	GBR(1) USA (1)
189	777741777760771	8	T1	CUB(2) FIN(1) PER(1) SWE(1) USA (3)
220	777742777760601	7	X2	USA (7)
1432	777743300000000	2	U	BGD(2)
1229	777743777720771	3	H3	AUT(1) POL(1) USA(1)
913	777743777760771	10	T1	AUT(2) CHN(2) FIN(1) MWI(1) SWE(1) USA (2) VEN(1)
1721	777746777760771	3	X1	DNK(3)
808	777747606060771	2	LAM11_ZWE	ZWE(2)
1503	777747757413271	2	EAI6_BGD1	MYS(2)
1416	777747757413771	2	EAI6_BGD1	BGD(1) VNM(1)
1504	777747777413671	2	EAI5	MYS(2)
445	777756777760601	9	X2	USA (9)
302	777756777760771	28	X1	DNK(18) GBR(1) ITA(2) KEN(4) MDG(1) NLD(1) NOR(1)
82	777757606060731	4	LAM11_ZWE	ZWE(4)
1505	777757607760671	2	LAM9	MYS(2)
1176	777757607760771	11	LAM9	ARG(1) EST(1) GEO(3) IDN(4) MDG(1) NLD(1)
1446	777757677420771	5	H4	GEO(5)
1506	777757757413271	3	EAI6_BGD1	MYS(3)
1414	777757757413371	2	EAI6_BGD1	BGD(1) USA (1)
1507	777757757413771	2	EAI6_BGD1	MYS(2)
1230	777757774020771	3	H1	ARG(1) NLD(1) USA(1)
730	777757777413731	2	EAI1_SOM	IND(2)
1508	777757777413771	2	EAI5	MYS(2)
1457	777757777420771	15	H4	GEO(15)
1748	777757777620771	5	H3	DEU(5)
764	777757777720771	4	H3	BEL(1) NLD(1) SEN(1) VNM(1)
83	777757777760671	2	T1	ZWE(2)
393	777757777760771	16	T1	ARG(1) CHN(1) DNK(1) EGY(1) EST(1) FXX(3) GEO(1) ITA(1) SWE(1) USA(4) VNM(1)
1451	777760000000000	8	U	GEO(7) RUS(1)
1240	777760001760771	2	T1	LVA(1) USA (1)
506	777760003760771	3	T1	MEX(1) RUS(1) USA (1)
254	777760007760771	92	T5_RUS1	AUT(10) AZE(2) BEL(2) DEU(2) DNK(1) ESP(1) FIN(1) FXX(1) GEO(9) KAZ(1) LVA(6) NLD(1) POL(1) RUS(50) SAU(1) USA (3)
567	777760007763771	5	MANU2	RUS(3) USA (2)
446	777760016760601	18	T1	USA(1) USA (17)
1737	777760017760771	11	T1	ITA(9) USA(1) ZAF(1)
1324	777760047760771	2	T1	IND(1) USA (1)
1268	777760057760771	6	T5	IND(2) MYS(1) PAK(1) USA(2)
1738	777760063760771	5	T1	ITA(5)
765	777760077760771	5	T1	DEU(1) NLD(1) USA (3)
447	777760377760771	5	T1	AUT(1) USA (4)
766	777761007760771	11	T1	EST(5) FIN(2) FXX(1) NLD(1) PRT(1) ZAF(1)
1325	777761050000771	2	U	IND(2)
731	777761607760771	5	LAM9	BEL(1) FXX(1) ITA(1) NLD(2)
1844	777763607760771	3	LAM9	ARG(3)
1533	777763777720771	2	H3	AUT(1) ESP(1)
732	777763777760771	9	T1	ARG(4) AUT(1) USA (4)
842	777766770000000	6	U	CMR(5) ITA(1)
185	777766777760601	11	X2	BRA(1) DNK(3) FXX(2) GLP(1) USA (4)
221	777766777760771	7	X1	LBY(1) USA(6)
186	777767404760771	3	LAM7_TUR	EGY(1) FXX(2)
568	777767477760771	3	H37Rv	THA(1) USA (2)
1195	777767477763771	2	MANU2	IND(2)
311	777767570020731	2	H3	CAF(2)
1066	777767607560771	5	LAM6	DZA(1) GUF(1) SWE(1) USA(1) VEN(1)
1750	777767607760731	3	LAM4	ITA(1) PRT(2)
150	777767607760771	65	LAM9	ARG(6) BEL(22) BRA(3) DZA(1) EGY(1) FIN(1) FXX(8) GUF(2) ITA(3) ITAS(1) MAR(1) MEX(1) PRT(9) RUS(1) USA (1) VEN(4)
1053	777767637760771	2	T1	EGY(1) FXX(1)
841	777767643760771	3	LAM10_CAM	CMR(3)
173	777767677760771	6	T1	FXX(4) TUR(1) USA (1)
1679	777767737760771	4	T1	DEU(1) MDG(3)
114	777767741760771	2	T1	FXX(2)
115	777767743760771	21	LAM10_CAM	BRB(1) CMR(11) FXX(8) ITA(1)
1913	777767757760771	2	T5	FXX(1) GLP(1)
569	777767760000000	4	U	CZE(2) USA (2)
1656	777767770000000	3	U	EGY(1) IDN(2)
1055	777767770020720	4	H3	CAF(3) GBR(1)
312	777767770020731	9	H3	CAF(6) CMR(2) FXX(1)
610	777767774020731	3	H1	BEL(1) FXX(2)
151	777767774020771	15	H1	ARG(1) AUT(1) CAF(2) CUB(2) EGY(1) FXX(3) HTI(1) ITA(1) POL(1) PRT(1) SWE(1)
1720	777767774413771	2	EAI4_VNM	DNK(2)
1138	777767774760771	4	T1	AUT(3) ITA(1)
116	777767775720771	2	H3	FXX(2)
1687	777767775760771	2	T1	BRA(1) USA (1)
870	777767776760731	2	T2	USA (2)
862	777767777360731	2	T2	CMR(2)
303	777767777413331	2	EAI1_SOM	DNK(2)
1251	777767777413731	2	EAI1_SOM	DNK(1) NOR(1)
611	777767777560771	2	T1	FXX(1) GNB(1)
1802	777767777720631	3	H3	FXX(2) GLP(1)
835	777767777720671	2	H3	FXX(2)
448	777767777720731	10	H3	CMR(2) FXX(1) PRT(2) USA (5)
75	777767777720771	29	H3	ARG(3) BRA(1) CMR(5) DEU(1) FXX(7) GLP(2) HTI(1) HUN(1) MDG(1) MEX(1) PRT(1) ROM(2) USA (3)
834	777767777740771	4	U	FXX(2) IDN(1) PRT(1)
1754	777767777760601	5	T1	PRT(5)
879	777767777760671	4	T1	ARG(1) FXX(1) RUS(1) USA (1)
117	777767777760731	14	T1	ARG(1) CAF(2) CMR(3) DNK(1) FXX(6) ROM(1)
118	777767777760771	76	T2	ARG(5) AUT(1) AZE(1) BRA(1) CAF(2) CMR(1) CZE(4) DEU(1) DNK(2) EGY(1) FIN(1) FXX(21) GUF(1) IDN(1) IND(2) ITA(4) ITAS(1) KAZ(1) MDG(1) MTQ(1) POL(1) PRT(2) SWE(1) TUR(2) USA (8) VEN(9)
1088	777767777763771	6	MANU2	IND(5) PRT(1)
1778	777770000000371	2	U	BEL(1) KEN(1)
1204	777770000000731	3	U	LBY(1) USA (2)
1767	777770007760771	2	T1	KEN(1) RUS(1)
1075	777770607760771	3	LAM9	FXX(1) MAR(1) USA(1)
1178	777771000000731	2	U	GNB(1) NLD(1)
1071	777771607760771	4	LAM9	MAR(4)
903	777772777760601	3	X2	USA(3)
84	777773604060731	2	LAM11_ZWE	ZWE(2)
1832	777773607760771	7	LAM9	ARG(5) NZL(2)
570	777773776760771	2	T1	USA (2)
767	777773777413700	3	EAI5	GBR(1) ITA(1) NLD(1)
1105	777773777760771	5	T1	CHN(1) PER(1) USA (3)
313	777774003760731	2	T2	CAF(2)
869	777774047560771	3	T1	USA (3)
1231	777774057760771	2	T5	USA(2)
1576	777774063560771	2	T1	USA(2)
1232	777774077560731	3	T2	USA(3)
222	777774077560771	11	T1	ESP(3) MEX(1) PER(1) USA (6)
906	777774177720771	4	H3	USA (4)
1678	777774377720771	2	H3	MDG(2)
1873	777774606060731	2	LAM11_ZWE	USA(1) ZWE(1)
1884	777774777000171	2	U	AUT(1) SAU(1)
809	777775606060771	3	LAM11_ZWE	ZWE(3)
733	777775747413771	5	EAI5	IND(3) NLD(1) USA (1)
1340	777775757413371	4	EAI6_BGD1	GUF(4)
571	777775774020771	2	H1	USA (2)
1571	777775774413771	2	EAI4_VNM	NLD(1) USA(1)
840	777775777720771	3	H3	CMR(2) SWE(1)
584	777775777760731	7	T2	FXX(2) NLD(2) SWE(3)
281	777775777760771	13	T1	AUS(4) BEL(1) ESP(2) FXX(1) IND(2) NLD(1) PAK(1) SAU(1)
507	777776037760771	2	T1	USA (1) USA (1)
1828	777776207760771	3	LAM9	ARG(1) NZL(2)
223	777776377760601	5	T1	USA(5)
508	777776377760771	5	T1	GBR(1) USA(4)
572	777776407360601	4	X2	THA(1) USA (3)
38	777776407760601	125	X2	GBR(3) IND(3) USA (119)
1614	777776607760700	2	X1-LAM9	USA(2)
1470	777776607760771	5	X1-LAM9	MWI(1) USA(2) ZAF(2)
350	777776617760601	5	X2	AUT(1) GBR(4)
1564	777776737760571	4	X1	POL(2) RUS(2)
282	777776747760601	2	X2	AUS(2)
1438	777776757413371	3	EAI6_BGD1	BGD(2) USA(1)
1341	777776757760601	10	X2	USA(10)
449	777776757760771	6	X1	USA(6)
450	777776770000000	57	U	CMR(19) CZE(3) DNK(1) FXX(1) ITA(1) MEX(5) NLD(1) USA(26)
1527	777776774020771	3	H1-X1	DEU(1) SWE(1) USA (1)
1532	777776775760771	2	X1	ESP(1) USA(1)
224	777776776360711	8	X1	USA(8)
1179	777776776360771	2	X1	HND(1) USA (1)
886	777776776760601	2	X2	USA (2)
1254	777776777060771	3	X1	NLD(1) RUS(1) USA(1)
576	777776777360771	19	X1	USA (19)
734	777776777411731	3	U	AUS(1) IDN(2)
735	777776777413731	3	EAI1_SOM	DNK(1) NLD(2)
1717	777776777460771	2	X1	AUS(1) VEN(1)
1329	777776777560771	32	X1	USA (1) ZAF(31)
351	777776777600171	19	U	GBR(14) NLD(4) USA(1)
1246	777776777720771	8	H3	CAN(7) EST(1)
1531	777776777760071	2	U	ESP(2)
878	777776777760571	8	X1	AUT(2) BEL(1) EGY(1) GBR(1) LBY(1) TUR(1) USA (1)
137	777776777760601	720	X2	AUS(5) BRA(7) BRB(1) CAN(11) CMR(7) DNK(15) ESP(5) FXX(1) GBR(55) GUF(2) HTI(1) ITA(3) LBY(1) MEX(1) MYS(1) NLD(9) PRT(1) SAU(1) SWE(2) USA(584) ZAF(7)
225	777776777760611	4	X1	FXX(1) USA (3)
1394	777776777760671	4	X1	BGD(3) FXX(1)
1459	777776777760700	2	X1	GEO(1) USA (1)
1080	777776777760701	5	X1	IDN(2) ITA(1) USA(2)
352	777776777760711	11	X1	GBR(2) IDN(1) NZL(2) USA (6)
336	777776777760731	37	X1	DNK(1) GBR(5) ITA(2) MDG(1) MEX(2) RUS(2) SWE(5) USA(12) ZAF(7)
1823	777776777760770	2	X1	ARG(1) DEU(1)
119	777776777760771	659	X1	?(1) AUT(2) BEL(1) BRA(10) CAN(7) DNK(1) ESP(2) FIN(1) FXX(4) GBR(25) GNB(1) HTI(1) IND(5) ITA(2) ITAS(1) LBY(1) LVA(3) MEX(46) MTQ(3) MWI(1) NLD(15) NOR(2) RUS(1) SWE(1) USA(90) USA (291) USA (111) ZAF(29) ZWE(1)
226	777776777763771	3	MANU2	BEL(1) USA (2)
405	777777000000011	12	ZERO	DNK(1) USA(3) VNM(8)
1790	777777000360771	3	T1	AUT(1) BEL(1) EGY(1)
880	777777000760771	7	T1	MEX(2) USA(3) VEN(1) ZAF(1)
619	777777002000011	3	U	USA (1) USA (1) VNM(1)
182	777777004020771	2	H1	NLD(1) SEN(1)
714	777777006720771	4	H3-LAM8	HTI(4)
1836	777777007660751	3	T1	ARG(2) FXX(1)
368	777777007720731	2	H3	AUT(2)
371	777777007720771	9	H3	AUT(7) CZE(1) USA (1)
1424	777777010003371	2	EAI7_BGD2	BGD(2)
949	777777017720771	2	H3	PER(2)
893	777777017760771	2	T1	SEN(1) USA (1)
1328	777777034020771	4	H1	HTI(2) USA(2)
66	777777037720671	2	H3-LAM9	GUF(2)
67	777777037720771	25	H3-LAM9	GLP(2) GUF(4) HTI(1) MEX(1) USA (17)
174	777777037760771	11	T1	FXX(5) HTI(1) RUS(1) USA (3) VNM(1)
1233	777777077760771	3	T1	MEX(2) USA(1)
57	777777143760771	4	LAM10_CAM	FXX(2) USA(2)
1573	777777177413371	3	EAI5	USA(2) VNM(1)
1252	777777177760771	2	T1	AUS(1) RUS(1)
1768	777777207560771	2	LAM6	CUB(1) MYS(1)
1277	777777207760771	6	LAM9	ARG(2) BRA(2) USA(2)
94	777777347560471	5	T4_CEU1	GUF(5)
1575	777777347760400	2	T4	USA(2)
1799	777777347760431	3	T4_CEU1	AUT(1) BEL(1) HUN(1)
39	777777347760471	67	T4_CEU1	ARM(2) AUT(21) BEL(1) CZE(1) DEU(6) FXX(1) GBR(1) ITA(1) NLD(2) POL(5) USA (7) VNM(1) ZAF(18)
227	777777370020771	5	H3	USA (5)
1139	777777374020771	3	H1	AUT(1) SWE(1) USA (1)
1774	777777376760771	2	T4	BEL(2)
1657	777777377000371	2	U	IDN(1) POL(1)
1562	777777377400171	3	U	BEL(1) FIN(1) POL(1)
1919	777777377720731	2	H3	ITA(2)
183	777777377720771	19	H3	CZE(2) DEU(1) ESP(4) FXX(1) HUN(1) ITA(4) SEN(2) USA (4)
1582	777777377760700	2	T1	DEU(1) GLP(1)
1077	777777377760731	4	T2	AUT(1) IDN(2) VNM(1)
40	777777377760771	87	T4	AUT(14) BEL(1) CZE(7) DEU(5) DNK(4) ESP(1) ETH(2) FIN(4) FXX(10) GBR(2) GEO(1) GLP(4) IRN(1) ITA(1) ITAS(1) LBY(1) MDG(1) NLD(2) POL(1) RUS(4) USA(20)
1460	777777377763771	3	MANU2	GEO(2) RUS(1)
1559	777777400000171	5	U	MTQ(1) POL(3) USA (1)
1282	777777400020771	7	H3	CZE(1) ITA(5) USA(1)
590	777777403760730	2	T2	EAFR(1) FXX(1)
1688	777777403760771	4	T1	BRA(1) CZE(1) ITA(1) USA(1)
1644	777777404020771	3	H1	CZE(1) FXX(1) USA (1
1140	777777404120771	7	H3	AUT(7)
1261	777777404760731	8	LAM7_TUR	AUT(1) BEL(2) DNK(1) FXX(1) TUR(2) USA (1)
1937	777777404760760	2	LAM7_TUR	TUR(2)
41	777777404760771	127	LAM7_TUR	AUT(5) BEL(1) CZE(2) DEU(6) DNK(7) EGY(2) ETH(7) FIN(2) FXX(11) GBR(6) GUF(1) ITA(1) NLD(28) NOR(4) NZL(2) POL(1) ROM(1) SAU(1) SWE(2) TUR(33) USA(4)
1355	777777407560731	11	T2	ARG(1) ITA(7) PER(1) USA (2)
768	777777407720771	6	H3	AUT(1) DEU(2) NLD(1) USA (2)
1800	777777407760771	3	T1	CHN(1) MWI(1) USA (1)
1643	777777423560771	3	T1	FXX(1) USA(2)
1051	777777437760771	12	T1	AZE(1) NLD(1) POL(10)
824	777777457760771	3	T5	BRA(1) ESP(1) PER(1)
607	777777467400000	2	U	FXX(2)
769	777777474020771	2	H1	AUT(1) CUB(1)
160	777777477400001	13	U	ARG(1) BEL(2) CUB(1) ESP(2) ITA(2) ITAS(1) USA (4)
892	777777477413771	3	EAI5	USA(3)
305	777777477760631	2	H37Rv	USA (2
1647	777777477760731	3	H37Rv/T2	AUT(1) DEU(1) FXX(1)
451	777777477760771	115	H37Rv	?(1) ARG(2) AUT(1) FXX(2) GBR(5) GLP(1) IND(1) NAM(2) NLD(1) PRT(2) RUS(1) SAU(4) SEN(1) USA(86) VEN(4) VNM(1)
1773	777777547760471	10	T1	HUN(10)
785	777777554760771	2	T5_MAD2	FXX(1) NLD(1)
58	777777557760771	95	T5_MAD2	ARG(8) AUT(2) BEL(1) BRA(9) CUB(5) DZA(1) ESP(11) FXX(4) GUF(1) ITA(1) MEX(1) NLD(4) PRT(2) USA(41) VEN(4)
314	777777570020731	4	H3	CAF(4)
369	777777574020771	3	H1	AUT(2) DEU(1)
1893	777777577620771	2	H3	BRA(2)
1804	777777577720771	3	H3	AUT(1) ITA(1) USA(1)
736	777777577760731	12	T2	NLD(12)
120	777777577760771	5	T1	AUT(2) FXX(3)
402	777777600000000	14	U	AUS(1) AUT(1) BRA(3) DZA(1) FXX(1) GEO(3) PRT(1) RUS(1) USA(2)
825	777777600000171	4	U	AUT(2) BRA(1) GBR(1)
274	777777600000371	7	U	AUT(2) GUF(1) ITAS(1) RUS(1) SAU(1) USA (1)
397	777777600000771	12	U	ARG(1) BRA(2) ITAS(1) USA (4) VEN(4)
275	777777600020771	6	H3	BEL(1) BRA(1) CUB(1) ITAS(2) USA (1)
1660	777777600060731	3	T2	ARG(1) BRA(2)
911	777777600060771	20	T1	ARG(1) USA (19)
392	777777600160731	3	T2	ARG(1) BRA(2)
74	777777600160771	6	T1	CUB(3) MDG(3)
1664	777777600560731	3	T2	BRA(3)
1147	777777600560771	2	T1	USA (1) VEN(1)
1144	777777600760771	3	T1	USA (2) VEN(1)
306	777777601560771	16	T1	BEL(3) CAF(2) FXX(2) GBR(2) GUF(1) USA (6)
1630	777777601760771	2	T1	NLD(1) USA(1)
810	777777602060771	2	T1	ZWE(2)
1493	777777603413700	2	EAI5	GBR(1) MYS(1)
228	777777603560771	5	T1	USA (5)
229	777777603760371	2	U	USA (2)
230	777777603760771	15	T1	GNB(1) HTI(1) USA (13)
811	777777604060731	12	LAM4	MOZ(1) USA(1) ZAF(2) ZWE(8)
1620	777777604360771	4	LAM9	BEL(1) ESP(1) USA(2)
1906	777777605560771	3	LAM6	BRA(3)
509	777777605760771	3	LAM9	FXX(1) USA (2)
132	777777606000031	7	U	CUB(1) ECU(1) MEX(1) USA(3) VEN(1)
812	777777606060571	3	LAM11_ZWE	ZWE(3)
813	777777606060631	7	LAM11_ZWE	USA(1) ZWE(6)
814	777777606060671	4	LAM11_ZWE	ZWE(4)
815	777777606060731	14	LAM11_ZWE	BEL(1) MWI(2) USA(2) ZWE(9)
59	777777606060771	133	LAM11_ZWE	AUT(1) BEL(2) BRA(1) COM(1) DNK(3) FXX(2) GBR(1) GLP(1) IRN(1) KEN(3) MDG(7) MUS(2) MWI(16) NLD(1) NZL(2) PRT(1) REU(1) RUS(1) SWE(1) USA (8) ZWE(77)
452	777777606360771	7	LAM9	USA (7)
290	777777606760771	17	LAM8	AUS(1) FXX(1) GLP(1) IDN(9) MYS(1) USA (4)
534	777777607400000	4	U	ESP(1) GNB(3)
1895	777777607460731	2	LAM4	BRA(2)
1663	777777607520771	2	H3-LAM6	BRA(2)
1758	777777607540771	2	U	BRA(1) PRT(1)
396	777777607560371	10	U	BRA(7) ITA(2) PRT(1)
95	777777607560731	11	LAM6	BRA(2) GBR(1) GUF(2) USA(6)
64	777777607560771	157	LAM6	ARG(5) AUS(1) AUT(5) BEL(4) BRA(26) COM(1) CZE(2) DZA(1) FXX(1) GBR(1) GUF(13) IND(1) IRN(1) ITA(1) MDG(1) MEX(2) MTQ(1) MWI(2) MYS(2) PRT(14) SEN(1) USA(67) VEN(4)
1689	777777607600031	2	U	BRA(1) MTQ(1)
891	777777607660771	12	LAM9	ESP(1) POL(7) RUS(1) USA (3)
1241	777777607700771	28	U	ARG(13) BRA(3) GUF(1) USA(2) ZAF(9)
335	777777607720771	27	H3	AUT(3) CZE(5) ESP(1) FXX(4) ITA(4) MTQ(2) ROM(1) RUS(3) SWE(1) USA (2) VNM(1)
1290	777777607723771	3	MANU2	RUS(3)
161	777777607740771	4	U	ITA(1) NLD(1) RUS(1) USA(1)
933	777777607760071	5	U	FIN(1) RUS(2) USA (2)
1070	777777607760371	8	U	AUT(1) BEL(1) BGD(1) HTI(1) ITA(1) MAR(1) USA (2)
1106	777777607760400	11	LAM9	ITAS(1) PER(1) PRT(9)
916	777777607760411	4	LAM9	FIN(2) USA(2)
614	777777607760431	2	LAM9	FXX(1) USA (1)
737	777777607760571	7	LAM9	FXX(1) ITA(3) MAR(1) VEN(2)
398	777777607760631	9	LAM9	AUT(1) BRA(2) CUB(1) MEX(2) USA(3)
162	777777607760671	13	LAM9	ARG(1) FIN(1) FXX(2) ITA(1) ITAS(2) USA(1) VEN(5)
163	777777607760700	21	LAM9	HTI(3) ITA(4) MEX(2) USA (12)
1530	777777607760711	6	LAM9	ESP(3) USA (3)
60	777777607760731	83	LAM4	ARG(2) AUT(3) BEL(2) BRA(10) CUB(4) DEU(2) DZA(2) ESP(1) FXX(8) GBR(1) GNB(5) GUF(2) ITA(2) ITAS(1) MAR(3) MDG(1) MEX(3) MOZ(1) NLD(1) PRT(2) RUS(1) SEN(2) USA(11) VEN(11) ZAF(1) ZWE(1)
1154	777777607760751	7	LAM9	AUS(1) CZE(1) HTI(1) USA (4)
738	777777607760760	4	LAM9	ARG(3) LVA(1)
1074	777777607760761	7	LAM9	DEU(2) ITAS(1) MAR(2) USA(2)
1933	777777607760770	2	LAM9	ITA(1) USA (1)
42	777777607760771	1227	LAM9	ARG(69) ARM(4) AUS(3) AUT(25) AZE(4) BEL(25) BGD(28) BRA(54) CAF(3) CMR(1) CUB(19) CZE(4) DEU(6) DZA(11) EGY(1) ESP(14) EST(5) ETH(3) FIN(25) FXX(45) GBR(5) GEO(7) GLP(11) GNB(22) GUF(15) HTI(27) IDN(1) IND(3) IRN(2) ITA(77) ITAS(17) KAZ(4) KEN(8) LBY(2) LVA(19) MAR(27) MDG(4) MEX(25) MOZ(2) MTQ(3) MWI(5) MYS(1) NLD(32) NZL(26) PER(7) PHL(5) POL(6) PRT(44) PYF(1) RUS(68) SAU(2) SEN(2) SWE(12) THA(1) TUN(1) TUR(1) USA (259) VEN(90) VNM(1) ZAF(7) ZWE(26)
1247	777777607763771	10	MANU2	IND(1) LVA(1) RUS(8)
1814	777777617560571	2	T1	AUT(2)
1563	777777636760771	2	T1	NLD(1) POL(1)
1812	777777637720771	3	H3	AUT(2) VEN(1)
1234	777777644720771	6	H3	USA(6)
1892	777777660000171	2	U	BRA(2)
573	777777663560771	6	T1	MEX(2) USA (3) VEN(1)
1831	777777663740771	2	U	ARG(2)
932	777777663760731	4	T2	BEL(1) FIN(1) RUS(1) USA (1)
253	777777663760771	19	T1	ARG(5) DNK(1) FIN(1) FXX(1) IDN(4) NLD(1) POL(1) RUS(3) USA(1) VEN(1)
378	777777667760771	3	T1	GEO(1) VEN(2)
1523	777777667763771	2	MANU2	MDG(2)
1450	777777670000771	2	U	GEO(2)
384	777777674020771	4	H1	AUT(1) CZE(1) FXX(1) USA(1)
1494	777777676760771	5	T1	BEL(1) IDN(3) MYS(1)
1449	777777677421771	2	U	GEO(2)
581	777777677560671	2	T1	NAM(1) USA (1)
453	777777677560771	7	T1	GUF(1) PRT(1) SWE(1) USA (4)
268	777777677720771	5	H3	ESP(1) MTQ(1) PER(2) RUS(1)
1623	777777677760700	2	T1	CHN(1) USA(1)
175	777777677760731	18	T2	ARG(8) FXX(1) HTI(2) ITA(4) PER(1) SUR(1) USA (1)
907	777777677760770	2	T1	USA (2)
291	777777677760771	47	T1	ARG(3) AUS(1) BEL(1) BGD(3) BRA(4) CZE(2) EGY(1) ESP(1) GEO(6) HTI(1) IDN(1) IND(1) ITA(5) MDG(1) NAM(1) NLD(1) PER(1) POL(2) RUS(1) TUR(1) USA (1) VEN(1) VNM(1) ZWE(6)
1192	777777677763771	4	MANU2	GEO(1) IND(1) MDG(1) USA (1)
1194	777777677770771	2	CAS	IND(2)
1193	777777677773771	2	MANU1	IND(2)
749	777777677777771	2	U	IDN(1) JPN(1)
1410	777777700000000	9	U	AUT(1) BGD(1) BRA(3) POL(1) PRT(1) SAU(2)
1736	777777700000371	2	U	ITA(1) USA (1)
1391	777777700003371	14	U	BGD(10) ITA(1) MYS(2) USA(1)
510	777777700003531	2	U	USA (1) USA (1)
1374	777777700003771	3	U	MYS(3)
511	777777700020771	19	H3	CZE(4) DEU(2) FIN(1) FXX(5) POL(3) RUS(1) USA (3)
283	777777704020771	30	H1	ARG(3) AUS(3) AUT(7) CZE(2) FXX(1) LVA(6) NLD(2) SWE(2) USA(4)
739	777777707413771	3	EAI5	NLD(3)
1567	777777707560771	4	T1	AUT(1) BRA(2) FXX(1)
512	777777707720771	8	H3	AUT(1) DEU(1) HUN(1) USA (5)
1890	777777707760731	2	T2	BRA(2)
535	777777707760771	29	T1	BRA(17) CMR(1) FIN(1) GEO(1) GNB(2) MYS(1) PRT(1) RUS(1) USA(3) VEN(1)
1658	777777714020771	2	H1	AUT(1) IDN(1)
1901	777777714413771	2	EAI4_VNM	AUS(1) VNM(1)
779	777777717720771	2	H3	FXX(2)
513	777777717760731	5	T2	CZE(2) ESP(1) GBR(1) USA (1)
771	777777717760771	3	T1	ARG(1) AUT(1) NLD(1)
1289	777777717763771	2	MANU2	RUS(1) SDN(1)
1934	777777724020771	2	H1	ITA(1) NLD(1)
1749	777777734720771	2	H3	DEU(2)
454	777777736760731	4	T2	USA(3) USA (1)
1495	777777737413771	2	EAI5	MYS(1) THA(1)
963	777777737720771	5	H3	CZE(1) ITA(2) NLD(1) USA (1)
1250	777777737740771	2	U	FXX(1) RUS(1)
86	777777737760771	46	T1	AUT(2) ESP(2) FXX(4) GUF(1) ITA(1) ITAS(1) MDG(27) NLD(1) TUR(2) USA(4) VEN(1)
1795	777777740000371	2	U	AUT(1) BEL(1)
946	777777740020771	3	H3	IDN(1) NLD(1) THA(1)
1141	777777741760771	2	T1	AUT(1) USA (1)
1388	777777743413331	3	EAI1_SOM	BGD(2) USA (1)
772	777777743460771	8	LAM10_CAM	FXX(2) ITA(2) NLD(1) SWE(1) USA(2)
839	777777743700171	3	U	CMR(2) FIN(1)
403	777777743760731	17	LAM10_CAM	AUT(1) CMR(12) FXX(1) IND(2) USA (1)
838	777777743760751	6	LAM10_CAM	BEL(1) CMR(4) SDN(1)
61	777777743760771	331	LAM10_CAM	AUT(1) BEL(10) BRB(1) CAF(7) CIV(8) CMR(156) CZE(14) DEU(5) ESP(2) FXX(40) GBR(2) GLP(1) GUF(1) ITA(4) LBY(4) MAR(2) MDG(9) MTQ(1) MYS(1) NLD(5) PRT(1) RUS(1) SAU(1) SEN(7) USA(53) VNM(1)
620	777777744020771	7	H1	AUT(3) BEL(1) FXX(1) USA (1) VNM(1)
1235	777777744720771	2	H3	MEX(1) USA (1)
1390	777777747413371	3	EAI5	BGD(1) DEU(1) USA(1)
43	777777747413771	17	EAI6_BGD1	DEU(3) GBR(3) ITA(1) MYS(1) NLD(3) SWE(2) USA(3) VNM(1)
740	777777747720771	6	H3	AUT(1) DEU(1) GLP(1) NLD(2) PER(1)
370	777777747760471	8	T1	AUT(5) EST(1) SWE(1) USA (1)
1580	777777747760771	3	T1	BRA(1) DEU(1) GEO(1)
1396	777777750002371	5	U	BGD(5)
96	777777750003371	42	EAI7_BGD2	BGD(36) GUF(4) USA (2)
928	777777750060771	10	T5	FIN(8) USA (2)
372	777777752000000	2	U	AUT(2)
1375	777777753413771	3	EAI6_BGD1	AUS(1) MYS(2)
103	777777754020731	3	H1	GLP(3)
883	777777754020771	5	H1	ESP(1) ITA(1) USA (3)
1496	777777756413771	2	EAI6_BGD1	MYS(2)
1403	777777757003371	3	U	BGD(3)
1421	777777757403371	2	U	GBR(1) GEO(1)
1420	777777757410071	5	U	BGD(5)
1417	777777757413071	4	EAI6_BGD1	BGD(4)
1406	777777757413171	2	EAI6_BGD1	BGD(2)
1409	777777757413271	3	EAI6_BGD1	BGD(1) USA (2)
1425	777777757413331	4	EAI6_BGD1	BGD(4)
292	777777757413371	73	EAI6_BGD1	AUS(1) BGD(62) FIN(1) GEO(1) ITAS(1) MYS(3) USA (4)
591	777777757413771	24	EAI6_BGD1	AUT(2) BGD(1) FXX(1) ITA(1) MYS(10) NLD(4) SWE(1) THA(2) USA (2)
1104	777777757660771	2	T5	VEN(2)
741	777777757720771	6	H3	AUT(2) NLD(2) POL(1) USA (1)
231	777777757760700	2	T5	USA (2)
943	777777757760731	8	T2-T4	AUT(1) FXX(1) NZL(2) THA(3) USA(1)
44	777777757760771	112	T5	ARG(3) AUS(1) AUT(28) BEL(1) CMR(1) CZE(8) DEU(2) DNK(1) EGY(1) ESP(1) EST(1) FIN(2) FXX(3) GBR(2) GLP(3) GUF(3) IDN(1) IND(1) ITA(14) ITAS(2) NLD(3) POL(3) PRT(4) USA (15) VEN(4) ZAF(3) ZWE(1)
623	777777757777771	9	U	DEU(1) GUF(1) MYS(2) VNM(5)
786	777777760000000	5	U	AUT(1) CMR(1) FXX(1) NLD(1) SWE(1)
773	777777760000031	5	U	IDN(1) USA (4)
1274	777777760000071	2	U	FIN(1) USA(1)
232	777777760000171	6	U	MEX(1) NLD(1) USA (4)
1236	777777760000611	13	U	MEX(4) USA(9)
948	777777760020611	6	H3	MEX(1) PER(2) USA(3)
791	777777760020771	4	H3	CUB(1) CZE(1) SWE(1) USA(1)
164	777777760060771	24	T1 (H?)	AUT(2) FXX(1) HUN(1) ITA(14) ITAS(1) MDG(1) NLD(1) USA(3)
455	777777760360771	14	T1	HTI(6) USA (8)
97	777777760760771	3	T1	MNG(2) SWE(1)
1397	777777761413700	8	EAI5	BGD(8)
1237	777777763660771	3	T1	USA (3)
315	777777764020731	10	H1	CAF(6) ESP(1) MDG(1) USA(2)
45	777777764020771	63	H1	AUT(18) BRA(6) CZE(1) DEU(4) DNK(2) ESP(1) GBR(1) GLP(5) HTI(1) ITA(3) MDG(1) MNG(1) MTQ(7) MYS(1) NLD(2) PRT(1) RUS(2) USA (6)
1585	777777764120771	2	H3	DEU(1) USA (1)
1404	777777767413731	3	EAI1_SOM	BGD(3)
1177	777777767700000	3	U	EST(3)
631	777777767720771	8	H3	AUT(1) BEL(2) BRA(1) CMR(1) CZE(1) FXX(1) USA (1)
373	777777767760771	16	T1	AUT(3) BEL(1) CZE(3) FIN(1) FXX(1) NLD(1) USA(3) ZAF(3)
46	777777770000000	95	U (likely H)	ARG(5) AUS(1) AUT(6) CMR(1) CZE(13) DEU(2) DNK(1) EGY(1) FIN(9) FXX(5) GLP(1) GUF(1) IDN(10) IND(1) ITA(1) MDG(1) MEX(3) MTQ(4) NLD(1) POL(6) SWE(1) TUR(2) USA(19)
602	777777770000771	48	U	AUT(4) BEL(2) BRA(5) DEU(1) FIN(1) GEO(21) IDN(1) IRN(1) ITA(1) NLD(2) NZL(1) RUS(1) SWE(1) USA(4) USA (1) VNM(1) ZAF(1)
1898	777777770003371	24	EAI7_BGD2	BGD(24)
1462	777777770003771	2	U	GEO(1) VNM(1)
316	777777770020731	26	H3	CAF(13) CIV(1) CMR(5) FXX(2) LBY(1) MDG(1) SDN(1) THA(1) USA (1)
742	777777770020771	18	H3	AUT(2) IDN(2) MYS(3) THA(1) USA (8) VNM(2)
233	777777770060731	9	T2	USA(9)
276	777777770060771	29	T1	AUT(5) CZE(1) FXX(1) IND(2) ITAS(1) NLD(1) POL(1) SWE(1) USA(16)
1897	777777770203371	10	U	BGD(10)
942	777777770760731	3	T2	THA(3)
1891	777777773720771	3	H3	BRA(3)
774	777777773760771	5	T1	CMR(2) IDN(1) RUS(1) USA (1)
1353	777777774000000	4	U	ITA(4)
944	777777774000071	4	U	MTQ(1) MYS(2) THA(1)
1275	777777774000371	10	U	AUT(8) USA(2)
1561	777777774020371	2	U	POL(2)
1807	777777774020571	2	H1	AUT(2)
1552	777777774020631	4	H1	AUT(4)
1205	777777774020671	2	H1	ITAS(1) USA (1)
62	777777774020731	171	H1	ARG(2) AUS(2) AUT(11) BEL(5) CAF(13) CUB(1) CZE(4) DEU(1) DZA(3) ESP(1) FIN(4) FXX(18) GLP(2) GUF(2) HTI(1) HUN(3) ITA(8) LBY(1) MDG(8) MTQ(6)NLD(3) RUS(1) SWE(4) TUR(6) USA(54) VEN(4) ZAF(1) ZWE(2)
1629	777777774020751	3	H1	MUS(1) USA(2)
919	777777774020760	5	H1	CZE(1) FIN(1) POL(2) USA (1)
1822	777777774020770	13	H1	ARG(8) USA(5)
47	777777774020771	721	H1	?(1) ARG(10) ARM(4) AUS(3) AUT(126) AZE(1) BEL(12) BGD(1) BRA(23) CAF(37) CAN(5) CMR(3) CUB(12) CZE(38) DEU(24) DNK(1) ESP(11) EST(4) FIN(29) FXX(33) GBR(5) GLP(3) GNB(8) GUF(3) HTI(4) HUN(1) IND(1) ITA(51) ITAS(7) MAR(3) MDG(9) MEX(10) NLD(36) POL(16) PRT(19) ROM(1) RUS(6) SAU(1) SEN(6) SWE(9) TUR(1) USA(135) VEN(7) ZWE(1)
1484	777777774023771	2	MANU2	CUB(1) RUS(1)
1872	777777774060771	2	T1	USA(1) ZWE(1)
1735	777777774320771	2	H3	ITA(2)
456	777777774413711	3	EAI4_VNM	USA (3)
514	777777774413731	4	EAI4_VNM	USA (4)
139	777777774413771	306	EAI4_VNM	AUS(3) DNK(32) FIN(1) GBR(1) IND(1) NLD(4) NZL(2) SWE(5) USA(76) VNM(181)
1059	777777774417771	3	U	GUF(1) VNM(2)
1085	777777774620731	2	H3	FXX(1) MTQ(1)
165	777777774720731	3	H3	ITA(3)
353	777777774760771	11	T1	AUT(3) GBR(2) NLD(2) USA (4)
1376	777777775413371	2	EAI5	MYS(2)
1497	777777775413671	2	EAI5	MYS(1) THA(1)
1313	777777775413731	2	EAI1_SOM	IND(1) NLD(1)
1558	777777775660771	11	T1	AUT(1) DEU(1) POL(9)
1939	777777775720731	2	H3	USA(2)
121	777777775720771	14	H3	BRA(1) CZE(2) ESP(1) FIN(1) FXX(4) GBR(1) ITA(1) SWE(1) USA(2)
122	777777775760771	13	T1	AUT(1) FXX(6) IND(1) ITAS(1) KEN(1) MYS(1) USA(1) VNM(1)
743	777777776000071	4	U	CZE(1) MYS(2) USA(1)
1498	777777776000371	6	U	MYS(2) USA (4)
374	777777776000771	6	U	AUT(5) FXX(1)
958	777777776013731	4	MANU1	GBR(1) GUF(2) USA (1)
1908	777777776020771	2	H3	BRA(1) USA(1)
1060	777777776160771	2	T1	VNM(2)
123	777777776360771	14	T1	AUT(8) BGD(3) FXX(1) GLP(1) NLD(1)
152	777777776413771	26	EAI5	FXX(1) GUF(1) ITA(1) NLD(2) SWE(1) USA(12) VNM(8)
1382	777777776720671	2	H3	ARM(2)
1238	777777776720771	3	H3	GLP(1) MEX(1) VEN(1)
515	777777776760731	8	T2	ITA(2) NLD(1) SWE(1) USA (4)
1626	777777776760771	3	T1	USA(3)
775	777777777000371	20	U	AUT(4) CZE(8) HUN(1) NLD(1) SWE(1) USA (5)
1188	777777777003771	2	U	THA(2)
337	777777777013731	3	MANU1	FXX(1) KEN(2)
937	777777777013771	3	MANU1	THA(3)
837	777777777020731	2	H3	CMR(1) FXX(1)
1283	777777777020771	3	H3	HTI(1) USA(2)
1239	777777777160031	2	U	MEX(1) USA(1)
166	777777777320571	6	H3	ITA(5) USA (1)
603	777777777320731	4	H3	USA (2) VEN(2)
457	777777777320771	12	H3	ESP(1) FIN(1) HTI(1) ITA(1) USA (8)
317	777777777360731	15	T2	BEL(2) CAF(2) CMR(10) FXX(1)
516	777777777360771	7	T1	DZA(1) FXX(1) IDN(1) ITA(1) RUS(1) USA (2)
1363	777777777400171	3	U	AUT(1) ITA(2)
1186	777777777403671	4	U	NLD(1) THA(3)
1386	777777777403701	3	U	BGD(2) USA (1)
354	777777777403731	6	U	AUS(1) GBR(2) NLD(1) SWE(1) THA(1)
458	777777777403771	17	U	DNK(1) GNB(2) IND(1) THA(8) USA (3) VNM(2)
1393	777777777405700	2	U	BGD(2)
459	777777777410331	6	U	FXX(1) USA(5)
776	777777777410771	4	CAS	IDN(1) MYS(2) USA (1)
744	777777777411731	2	U	NLD(2)
1377	777777777412671	2	EAI5	MYS(1) NLD(1)
962	777777777413031	5	EAI5	MYS(3) USA (2)
934	777777777413071	6	EAI5	FIN(1) SWE(1) THA(2) USA(2)
745	777777777413131	27	EAI1_SOM	IND(1) MYS(26)
1082	777777777413311	2	EAI5	IDN(2)
1183	777777777413331	3	EAI1_SOM	DNK(1) NLD(1) SWE(1)
234	777777777413371	17	EAI5	AUS(1) BGD(3) DNK(1) NLD(1) USA (7) VNM(4)
1392	777777777413431	6	EAI5	BGD(4) MYS(1) USA (1)
235	777777777413531	2	EAI1_SOM	USA (2)
947	777777777413631	5	EAI5	DNK(1) IND(1) MYS(1) THA(1) USA (1)
256	777777777413671	54	EAI5	AUS(1) DNK(1) IDN(2) IND(1) MYS(18) NLD(1) THA(10) USA(20)
138	777777777413700	69	EAI5	BGD(26) DNK(9) FIN(1) GBR(8) GEO(1) GLP(1) IND(2) MYS(1) NLD(7) SUR(1) SWE(1) USA(11)
517	777777777413711	5	EAI5	USA (3) USA (1) VNM(1)
1801	777777777413730	2	EAI1_SOM	FXX(1) USA (1)
48	777777777413731	243	EAI1_SOM	AUS(2) AUT(2) BEL(1) BGD(41) DNK(59) FXX(6) GBR(20) GUF(2) IDN(6) IND(5) ITAS(1) JPN(1) KEN(2) MOZ(4) MYS(9) NLD(44) NOR(9) PAK(1) SAU(1) SWE(10) THA(3) USA(10) VNM(3) ZAF(1)
460	777777777413751	2	EAI5	USA (2)
236	777777777413771	91	EAI5	AUS(5) BEL(1) BGD(6) DNK(4) FXX(1) GBR(3) GEO(2) GNB(1) IDN(1) MYS(7) NLD(3) NOR(1) NZL(2) PAK(1) SEN(1) SWE(2) THA(12) USA(32)VNM(5) ZWE(1)
461	777777777416761	57	U	IND(1) NZL(2) USA (54)
399	777777777420410	2	H4	BRA(2)
817	777777777420731	4	H4	ETH(1) USA (2) ZWE(1)
777	777777777420771	24	H4	ARM(1) BRA(1) FIN(1) GEO(1) KAZ(1) NLD(1) RUS(4) SAU(8) SWE(1) USA(5)
1905	777777777460771	2	T1	ARG(1) BRA(1)
746	777777777520771	11	H3	BEL(2) FXX(1) IDN(1) NLD(1) POL(1) USA (5)
277	777777777560700	4	T1	ITA(2) ITAS(2)
462	777777777560771	23	T1	AUT(1) BRA(2) CMR(1) ETH(1) FIN(2) FXX(1) ITA(3) POL(3) PRT(1) RUS(1) USA (7)
1094	777777777563771	2	MANU2	IND(2)
780	777777777600771	6	U	FXX(5) ZWE(1)
394	777777777620731	2	H3	CUB(1) VNM(1)
390	777777777620771	16	H3	AUT(2) BRA(2) DEU(1) EGY(1) GLP(1) ITA(2) MTQ(3) SWE(1) USA(3)
518	777777777660031	2	U	USA (1) USA (1)
1797	777777777660731	3	T2	BEL(1) FXX(1) ITA(1)
167	777777777660771	30	T1	AUT(4) BEL(1) BRA(1) CUB(1) ESP(4) FIN(2) FXX(1) GBR(1) IDN(1) ITA(1) MNG(1) NLD(3) SDN(1) TUR(1) USA (5) VEN(2)
237	777777777700000	74	U (likely H3)	AUT(10) BEL(2) CMR(5) DEU(8) FIN(1) FXX(2) GBR(1) IDN(5) ITA(5) ITAS(1) MDG(3) POL(6) PRT(1) RUS(7) SWE(2) USA (13) ZAF(2)
836	777777777700131	3	U	CMR(1) ITA(1) USA(1)
238	777777777700171	7	U	FXX(2) USA (5)
124	777777777700771	22	U	AUT(1) BRA(1) DEU(2) FIN(1) FXX(3) LKA(2) NLD(2) RUS(1) USA(9)
1142	777777777720071	6	U	AUT(6)
1529	777777777720171	2	U	AUT(1) ESP(1)
1143	777777777720371	3	U	AUT(1) POL(1) SWE(1)
747	777777777720471	7	H3	BRA(3) NLD(4)
463	777777777720571	10	H3	ARG(2) AUT(1) BRA(2) POL(2) USA (3)
134	777777777720631	10	H3	FXX(2) GUF(1) ITA(5) MTQ(1) SWE(1)
168	777777777720671	16	H3	AUT(1) GEO(1) GLP(1) HTI(4) ITA(1) MYS(1) NLD(4) USA(3)
524	777777777720711	6	H3	AUT(3) ITAS(1) NLD(1) USA (1)
49	777777777720731	102	H3	ARG(5) AUS(1) AUT(7) BEL(1) CAF(3) CHN(1) CMR(5) DEU(1) DZA(1) FIN(23) FXX(7) HUN(4) ITA(5) MEX(1) MTQ(5) MYS(1) NLD(1) PRT(7) SWE(3) USA(19) VEN(1)
1640	777777777720740	2	H3	FXX(1) NLD(1)
293	777777777720751	6	H3	AUS(1) FXX(1) PRT(1) USA (3)
748	777777777720760	2	H3	NLD(2)
615	777777777720770	3	H3	AUT(1) FXX(1) USA(1)
50	777777777720771	1504	H3	ARG(32) ARM(2) AUS(6) AUT(206) BEL(27) BOL(4) BRA(31) CAF(2) CHN(1) CIV(3) CMR(48) COM(1) CUB(22) CZE(83) DEU(49) DNK(2) DZA(9) EAFR(2) ESP(28) EST(2) FIN(28) FXX(67) GBR(7) GEO(2) GLP(17) GNB(8) GUF(58) HTI(37) HUN(17) IDN(8) MYS(7) NLD(34) NZL(2) PAK(1) PER(4) POL(19) PRT(10) REU(1) ROM(1) RUS(10) SDN(3) SEN(3) SWE(17) THA(1) TUR(8) USA (401) VEN(10) VNM(5) ZAF(5)
1634	777777777723771	3	MANU2	IDN(1) USA(1) USA (1)
574	777777777740071	3	U	ESP(1) USA (2)
519	777777777740371	6	U	GBR(1) NAM(2) PRT(1) USA (1) ZAF(1)
1805	777777777740671	3	U	AUT(2) BRA(1)
169	777777777740700	6	U	ITA(5) ITAS(1)
172	777777777740771	32	U	AUT(7) BEL(1) DEU(2) FIN(1) FXX(4) HTI(2) ITA(5) MYS(1) NLD(1) PAK(1) RUS(1) USA (6)
464	777777777747771	3	U	USA (3)
1793	777777777760000	2	U	AUT(1) BEL(1)
956	777777777760011	4	U	BRA(1) USA(3)
239	777777777760031	44	U	BGD(2) BRA(1) MEX(7) USA(31) VEN(3)
787	777777777760071	4	U	AUT(1) FXX(1) MEX(1) USA(1)
1929	777777777760300	2	U	ITA(1) USA (1)
1098	777777777760331	3	U	AUS(1) USA(2)
240	777777777760371	14	U	AUT(1) BRA(5) CUB(1) DEU(2) GUF(1) ITA(1) USA(3)
395	777777777760400	5	T1	ESP(1) USA (4)
241	777777777760411	11	T1	FIN(2) USA(9)
242	777777777760431	5	T1	ARG(1) GUF(1) HTI(2) USA (1)
65	777777777760471	65	T1 (T4-CE1 ancestor?)	AUT(4) BRA(23) CMR(3) CZE(1) DEU(2) DZA(1) ESP(2) FXX(5) GLP(1) GUF(1) HTI(12) ITA(1) KAZ(1) MTQ(1) SWE(1) USA (6)
1544	777777777760531	3	T2	BEL(1) FXX(1) ITA(1)
575	777777777760561	9	T1	IND(1) USA (8)
520	777777777760571	14	T1	AUT(1) BEL(3) CZE(3) DEU(1) FXX(1) MTQ(1) PAK(1) RUS(1) USA (2)
243	777777777760600	16	T1	BEL(3) DNK(1) ITA(1) MYS(5) USA (6)
244	777777777760601	44	T1	ARG(1) BEL(1) BGD(9) BRA(3) FXX(4) GNB(2) HTI(2) IND(1) MDG(1) NLD(1) PRT(16) USA (3)
521	777777777760611	8	T1	ARG(2) AUT(1) BRA(1) GNB(1) USA (1) ZAF(2)
888	777777777760631	5	T1	ESP(1) ITA(1) POL(1) USA (2)
245	777777777760671	11	T1	ARG(1) AUT(1) BRA(1) ESP(1) GNB(1) GUF(1) NLD(1) USA (2) VEN(1) ZWE(1)
51	777777777760700	158	T1	ARG(4) AUS(2) AUT(24) BEL(2) BRA(4) CHN(1) FXX(3) GBR(2) GLP(7) GUF(8) HTI(17) ITA(13) ITAS(2) JPN(1) MDG(1) MEX(2) MYS(19) NLD(1) PRT(5) SWE(1) TUR(1) USA(31) VEN(6) VNM(1)
1926	777777777760701	2	T1	ARG(1) ITA(1)
78	777777777760711	32	T1-T2	AUT(2) CZE(1) ESP(1) FIN(1) GBR(3) GUF(2) IND(3) ITA(1) MDG(13) NLD(1) SAU(2) USA (2)
135	777777777760730	19	T2	AUT(3) DEU(2) EAFR(4) FXX(2) GBR(1) KEN(1) MYS(1) UGA(2) USA (3)
52	777777777760731	393	T2	ARM(10) AUS(2) AUT(23) BDI(1) BEL(23) BGD(1) BRA(1) CAF(10) CAN(4) CHN(2) CIV(1) CMR(24) CUB(1) CZE(17) DEU(7) DNK(6) DZA(2) ESP(2) ETH(1) FIN(4) FXX(40) GBR(7) GLP(1) GUF(1) HTI(2) HUN(6) IDN(2) IND(3) IRN(1) ITA(14) ITAS(3) JPN(4) KEN(4) MDG(7) MEX(4) MTQ(3) MYS(7) NLD(20) NOR(3) NZL(2) PAK(2) POL(6) ROM(1) RUS(5) SAU(1) SWE(13) THA(6) TUR(1) UGA(3) USA(76) VEN(2) ZAF(1)
1583	777777777760740	3	T1	BRA(1) DEU(1) FXX(1)
612	777777777760751	7	T1	ARG(1) FXX(2) GBR(1) USA (3)
628	777777777760760	3	T1	AUT(1) NLD(1) USA (1)
278	777777777760761	5	T1	FIN(1) ITAS(2) SEN(1) USA (1)
522	777777777760770	8	T1	AUT(1) GNB(1) HTI(1) IDN(2) KEN(1) USA (2)
53	777777777760771	2497	T1	ANT(1) ARG(69) ARM(7) AUS(17) AUT(215) AZE(1) BEL(48) BGD(24) BRA(74) BRB(2) CAF(3) CAN(16) CHN(11) CIV(48) CMR(21) COM(1) CUB(23) CZE(30) DEU(55) DNK(41) DZA(4) EAFR(1) EGY(13) ESP(24) EST(9) ETH(37) FIN(49) FXX(150) GBR(58) GEO(12) GLP(25) GNB(8) GUF(49) HTI(27) HUN(8) IDN(16) IND(24) IRN(5) ITA(125) ITAS(13) JPN(6) KAZ(2) KEN(2) LBY(5) LVA(5) MAR(12) MDG(23) MEX(54) MNG(1) MOZ(2) MTQ(15) MWI(12) MYS(14) NAM(7) NLD(84) NOR(4) NZL(14) PAK(4) PER(6) POL(34) PRT(27) REU(1) ROM(1) RUS(26) SAU(4) SDN(1) SEN(21) SUR(2) SWE(30) THA(11) TUR(31) USA(1089) VEN(42) VNM(14) ZAF(14) ZMB(2) ZWE(27)
1196	777777777761771	3	U	IND(2) USA(1)
1690	777777777762771	2	MANU2	BRA(1) USA (1)
54	777777777763771	78	MANU2	ARM(1) AUS(1) BRA(2) CUB(1) EGY(1) FXX(2) GBR(3) GEO(2) GNB(2) IND(18) IRN(1) ITA(1) LVA(1) MDG(3) NLD(2) POL(2) RUS(10) SDN(2) SEN(1) THA(1) USA(18) ZAF(3)
1378	777777777770771	2	CAS	ARM(1) IND(1)
100	777777777773771	39	MANU1	FXX(1) GBR(6) IND(23) MYS(1) THA(1) USA(6) VNM(1)
1907	777777777774771	2	U	BRA(2)
1149	777777777777331	5	U	THA(1) USA (4)
1338	777777777777671	4	U	DNK(1) JPN(1) MTQ(1) SLE(1)
246	777777777777731	13	U	MYS(2) NLD(2) THA(1) USA (8)
523	777777777777771	19	U	AUT(1) BEL(1) FXX(1) GLP(1) IDN(1) JPN(1) MYS(3) THA(2) USA (4) VNM(2) ZAF(2)
